-- phpMyAdmin SQL Dump
-- version 5.2.1
-- https://www.phpmyadmin.net/
--
-- Host: 127.0.0.1
-- Generation Time: Oct 02, 2024 at 04:01 PM
-- Server version: 10.4.32-MariaDB
-- PHP Version: 8.2.12

SET SQL_MODE = "NO_AUTO_VALUE_ON_ZERO";
START TRANSACTION;
SET time_zone = "+00:00";


/*!40101 SET @OLD_CHARACTER_SET_CLIENT=@@CHARACTER_SET_CLIENT */;
/*!40101 SET @OLD_CHARACTER_SET_RESULTS=@@CHARACTER_SET_RESULTS */;
/*!40101 SET @OLD_COLLATION_CONNECTION=@@COLLATION_CONNECTION */;
/*!40101 SET NAMES utf8mb4 */;

--
-- Database: `db_atd`
--

-- --------------------------------------------------------

--
-- Table structure for table `attendances`
--

CREATE TABLE `attendances` (
  `id` int(11) NOT NULL,
  `class_id` int(11) NOT NULL,
  `student_id` int(11) NOT NULL,
  `attendance_date` date NOT NULL,
  `status` enum('Present','Absent','Late') NOT NULL,
  `updated_at` timestamp NOT NULL DEFAULT current_timestamp() ON UPDATE current_timestamp()
) ENGINE=InnoDB DEFAULT CHARSET=utf8mb4 COLLATE=utf8mb4_general_ci;

--
-- Dumping data for table `attendances`
--

INSERT INTO `attendances` (`id`, `class_id`, `student_id`, `attendance_date`, `status`, `updated_at`) VALUES
(2, 1, 2001210224, '2024-09-17', 'Late', '2024-09-30 09:02:08'),
(4, 1, 2001215678, '2024-09-17', 'Present', '2024-09-30 09:02:08'),
(5, 1, 2001216789, '2024-09-17', 'Absent', '2024-09-30 09:02:08'),
(6, 1, 2001217890, '2024-09-17', 'Present', '2024-09-30 09:02:08'),
(7, 1, 2001218901, '2024-09-17', 'Present', '2024-09-30 09:02:08'),
(8, 1, 2001219012, '2024-09-17', 'Absent', '2024-09-30 09:02:08'),
(9, 1, 2001210123, '2024-09-17', 'Late', '2024-09-30 09:02:08'),
(10, 1, 2001211234, '2024-09-17', 'Absent', '2024-09-30 09:02:08'),
(11, 1, 2001212346, '2024-09-17', 'Present', '2024-09-30 09:02:08'),
(12, 1, 2001213457, '2024-09-17', 'Present', '2024-09-30 09:02:08'),
(13, 1, 2001214568, '2024-09-17', 'Absent', '2024-09-30 09:02:08'),
(14, 1, 2001215679, '2024-09-17', 'Present', '2024-09-30 09:02:08'),
(15, 1, 2001216780, '2024-09-17', 'Absent', '2024-09-30 09:02:08'),
(16, 1, 2001217891, '2024-09-17', 'Present', '2024-09-30 09:02:08'),
(17, 1, 2001218902, '2024-09-17', 'Present', '2024-09-30 09:02:08'),
(18, 1, 2001219013, '2024-09-17', 'Absent', '2024-09-30 09:02:08'),
(19, 1, 2001223456, '2024-09-17', 'Present', '2024-09-30 09:02:08'),
(20, 1, 2001224567, '2024-09-17', 'Absent', '2024-09-30 09:02:08'),
(21, 1, 2001225678, '2024-09-17', 'Present', '2024-09-30 09:02:08'),
(22, 1, 2001226789, '2024-09-17', 'Present', '2024-09-30 09:02:08'),
(23, 1, 2001227890, '2024-09-17', 'Absent', '2024-09-30 09:02:08'),
(24, 1, 2001228901, '2024-09-17', 'Present', '2024-09-30 09:02:08'),
(25, 1, 2001229012, '2024-09-17', 'Present', '2024-09-30 09:02:08'),
(26, 1, 2001230123, '2024-09-17', 'Absent', '2024-09-30 09:02:08'),
(27, 1, 2001231234, '2024-09-17', 'Present', '2024-09-30 09:02:08'),
(29, 2, 2001210224, '2024-09-17', 'Absent', '2024-09-29 14:52:15'),
(31, 2, 2001215678, '2024-09-17', 'Present', '2024-09-29 14:52:15'),
(32, 2, 2001216789, '2024-09-17', 'Absent', '2024-09-29 14:52:15'),
(33, 2, 2001217890, '2024-09-17', 'Present', '2024-09-29 14:52:15'),
(34, 2, 2001218901, '2024-09-17', 'Present', '2024-09-29 14:52:15'),
(35, 2, 2001219012, '2024-09-17', 'Absent', '2024-09-29 14:52:15'),
(36, 2, 2001210123, '2024-09-17', 'Present', '2024-09-29 14:52:15'),
(37, 2, 2001211234, '2024-09-17', 'Absent', '2024-09-29 14:52:15'),
(38, 2, 2001212346, '2024-09-17', 'Present', '2024-09-29 14:52:15'),
(39, 2, 2001213457, '2024-09-17', 'Present', '2024-09-29 14:52:15'),
(40, 2, 2001214568, '2024-09-17', 'Absent', '2024-09-29 14:52:15'),
(41, 2, 2001215679, '2024-09-17', 'Present', '2024-09-29 14:52:15'),
(42, 2, 2001216780, '2024-09-17', 'Absent', '2024-09-29 14:52:15'),
(43, 2, 2001217891, '2024-09-17', 'Present', '2024-09-29 14:52:15'),
(44, 2, 2001218902, '2024-09-17', 'Present', '2024-09-29 14:52:15'),
(45, 2, 2001219013, '2024-09-17', 'Absent', '2024-09-29 14:52:15'),
(46, 2, 2001223456, '2024-09-17', 'Present', '2024-09-29 14:52:15'),
(47, 2, 2001224567, '2024-09-17', 'Absent', '2024-09-29 14:52:15'),
(48, 2, 2001225678, '2024-09-17', 'Present', '2024-09-29 14:52:15'),
(49, 2, 2001226789, '2024-09-17', 'Present', '2024-09-29 14:52:15'),
(50, 2, 2001227890, '2024-09-17', 'Absent', '2024-09-29 14:52:15'),
(51, 2, 2001228901, '2024-09-17', 'Present', '2024-09-29 14:52:15'),
(52, 2, 2001229012, '2024-09-17', 'Present', '2024-09-29 14:52:15'),
(53, 2, 2001230123, '2024-09-17', 'Absent', '2024-09-29 14:52:15'),
(54, 2, 2001231234, '2024-09-17', 'Present', '2024-09-29 14:52:15'),
(56, 3, 2001210224, '2024-09-17', 'Absent', '2024-09-29 14:52:15'),
(58, 3, 2001215678, '2024-09-17', 'Present', '2024-09-29 14:52:15'),
(59, 3, 2001216789, '2024-09-17', 'Absent', '2024-09-29 14:52:15'),
(60, 3, 2001217890, '2024-09-17', 'Present', '2024-09-29 14:52:15'),
(61, 3, 2001218901, '2024-09-17', 'Present', '2024-09-29 14:52:15'),
(62, 3, 2001219012, '2024-09-17', 'Absent', '2024-09-29 14:52:15'),
(63, 3, 2001210123, '2024-09-17', 'Present', '2024-09-29 14:52:15'),
(64, 3, 2001211234, '2024-09-17', 'Absent', '2024-09-29 14:52:15'),
(65, 3, 2001212346, '2024-09-17', 'Present', '2024-09-29 14:52:15'),
(66, 3, 2001213457, '2024-09-17', 'Present', '2024-09-29 14:52:15'),
(67, 3, 2001214568, '2024-09-17', 'Absent', '2024-09-29 14:52:15'),
(68, 3, 2001215679, '2024-09-17', 'Present', '2024-09-29 14:52:15'),
(69, 3, 2001216780, '2024-09-17', 'Absent', '2024-09-29 14:52:15'),
(70, 3, 2001217891, '2024-09-17', 'Present', '2024-09-29 14:52:15'),
(71, 3, 2001218902, '2024-09-17', 'Present', '2024-09-29 14:52:15'),
(72, 3, 2001219013, '2024-09-17', 'Absent', '2024-09-29 14:52:15'),
(73, 3, 2001223456, '2024-09-17', 'Present', '2024-09-29 14:52:15'),
(74, 3, 2001224567, '2024-09-17', 'Absent', '2024-09-29 14:52:15'),
(75, 3, 2001225678, '2024-09-17', 'Present', '2024-09-29 14:52:15'),
(76, 3, 2001226789, '2024-09-17', 'Present', '2024-09-29 14:52:15'),
(77, 3, 2001227890, '2024-09-17', 'Absent', '2024-09-29 14:52:15'),
(78, 3, 2001228901, '2024-09-17', 'Present', '2024-09-29 14:52:15'),
(79, 3, 2001229012, '2024-09-17', 'Present', '2024-09-29 14:52:15'),
(80, 3, 2001230123, '2024-09-17', 'Absent', '2024-09-29 14:52:15'),
(81, 3, 2001231234, '2024-09-17', 'Present', '2024-09-29 14:52:15'),
(83, 4, 2001210224, '2024-09-17', 'Absent', '2024-09-29 14:52:15'),
(85, 4, 2001215678, '2024-09-17', 'Present', '2024-09-29 14:52:15'),
(86, 4, 2001216789, '2024-09-17', 'Absent', '2024-09-29 14:52:15'),
(87, 4, 2001217890, '2024-09-17', 'Present', '2024-09-29 14:52:15'),
(88, 4, 2001218901, '2024-09-17', 'Present', '2024-09-29 14:52:15'),
(89, 4, 2001219012, '2024-09-17', 'Absent', '2024-09-29 14:52:15'),
(90, 4, 2001210123, '2024-09-17', 'Present', '2024-09-29 14:52:15'),
(91, 4, 2001211234, '2024-09-17', 'Absent', '2024-09-29 14:52:15'),
(92, 4, 2001212346, '2024-09-17', 'Present', '2024-09-29 14:52:15'),
(93, 4, 2001213457, '2024-09-17', 'Present', '2024-09-29 14:52:15'),
(94, 4, 2001214568, '2024-09-17', 'Absent', '2024-09-29 14:52:15'),
(95, 4, 2001215679, '2024-09-17', 'Present', '2024-09-29 14:52:15'),
(96, 4, 2001216780, '2024-09-17', 'Absent', '2024-09-29 14:52:15'),
(97, 4, 2001217891, '2024-09-17', 'Present', '2024-09-29 14:52:15'),
(98, 4, 2001218902, '2024-09-17', 'Present', '2024-09-29 14:52:15'),
(99, 4, 2001219013, '2024-09-17', 'Absent', '2024-09-29 14:52:15'),
(100, 4, 2001223456, '2024-09-17', 'Present', '2024-09-29 14:52:15'),
(101, 4, 2001224567, '2024-09-17', 'Absent', '2024-09-29 14:52:15'),
(102, 4, 2001225678, '2024-09-17', 'Present', '2024-09-29 14:52:15'),
(103, 4, 2001226789, '2024-09-17', 'Present', '2024-09-29 14:52:15'),
(104, 4, 2001227890, '2024-09-17', 'Absent', '2024-09-29 14:52:15'),
(105, 4, 2001228901, '2024-09-17', 'Present', '2024-09-29 14:52:15'),
(106, 4, 2001229012, '2024-09-17', 'Present', '2024-09-29 14:52:15'),
(107, 4, 2001230123, '2024-09-17', 'Absent', '2024-09-29 14:52:15'),
(108, 4, 2001231234, '2024-09-17', 'Present', '2024-09-29 14:52:15'),
(110, 5, 2001210224, '2024-09-17', 'Late', '2024-09-29 14:52:15'),
(112, 5, 2001215678, '2024-09-17', 'Present', '2024-09-29 14:52:15'),
(113, 5, 2001216789, '2024-09-17', 'Absent', '2024-09-29 14:52:15'),
(114, 5, 2001217890, '2024-09-17', 'Present', '2024-09-29 14:52:15'),
(115, 5, 2001218901, '2024-09-17', 'Present', '2024-09-29 14:52:15'),
(116, 5, 2001219012, '2024-09-17', 'Absent', '2024-09-29 14:52:15'),
(117, 5, 2001210123, '2024-09-17', 'Late', '2024-09-29 14:52:15'),
(118, 5, 2001211234, '2024-09-17', 'Absent', '2024-09-29 14:52:15'),
(119, 5, 2001212346, '2024-09-17', 'Present', '2024-09-29 14:52:15'),
(120, 5, 2001213457, '2024-09-17', 'Present', '2024-09-29 14:52:15'),
(121, 5, 2001214568, '2024-09-17', 'Absent', '2024-09-29 14:52:15'),
(122, 5, 2001215679, '2024-09-17', 'Present', '2024-09-29 14:52:15'),
(123, 5, 2001216780, '2024-09-17', 'Absent', '2024-09-29 14:52:15'),
(124, 5, 2001217891, '2024-09-17', 'Present', '2024-09-29 14:52:15'),
(125, 5, 2001218902, '2024-09-17', 'Present', '2024-09-29 14:52:15'),
(126, 5, 2001219013, '2024-09-17', 'Absent', '2024-09-29 14:52:15'),
(127, 5, 2001223456, '2024-09-17', 'Present', '2024-09-29 14:52:15'),
(128, 5, 2001224567, '2024-09-17', 'Absent', '2024-09-29 14:52:15'),
(129, 5, 2001225678, '2024-09-17', 'Present', '2024-09-29 14:52:15'),
(130, 5, 2001226789, '2024-09-17', 'Present', '2024-09-29 14:52:15'),
(131, 5, 2001227890, '2024-09-17', 'Absent', '2024-09-29 14:52:15'),
(132, 5, 2001228901, '2024-09-17', 'Present', '2024-09-29 14:52:15'),
(133, 5, 2001229012, '2024-09-17', 'Present', '2024-09-29 14:52:15'),
(134, 5, 2001230123, '2024-09-17', 'Absent', '2024-09-29 14:52:15'),
(135, 5, 2001231234, '2024-09-17', 'Present', '2024-09-29 14:52:15'),
(137, 1, 2001210224, '2024-09-18', 'Absent', '2024-09-30 09:02:08'),
(139, 1, 2001215678, '2024-09-18', 'Present', '2024-09-30 09:02:08'),
(140, 1, 2001216789, '2024-09-18', 'Absent', '2024-09-30 09:02:08'),
(141, 1, 2001217890, '2024-09-18', 'Present', '2024-09-30 09:02:08'),
(142, 1, 2001218901, '2024-09-18', 'Present', '2024-09-30 09:02:08'),
(143, 1, 2001219012, '2024-09-18', 'Absent', '2024-09-30 09:02:08'),
(144, 1, 2001210123, '2024-09-18', 'Present', '2024-09-30 09:02:08'),
(145, 1, 2001211234, '2024-09-18', 'Absent', '2024-09-30 09:02:08'),
(146, 1, 2001212346, '2024-09-18', 'Present', '2024-09-30 09:02:08'),
(147, 1, 2001213457, '2024-09-18', 'Present', '2024-09-30 09:02:08'),
(148, 1, 2001214568, '2024-09-18', 'Absent', '2024-09-30 09:02:08'),
(149, 1, 2001215679, '2024-09-18', 'Present', '2024-09-30 09:02:08'),
(150, 1, 2001216780, '2024-09-18', 'Absent', '2024-09-30 09:02:08'),
(151, 1, 2001217891, '2024-09-18', 'Present', '2024-09-30 09:02:08'),
(152, 1, 2001218902, '2024-09-18', 'Present', '2024-09-30 09:02:08'),
(153, 1, 2001219013, '2024-09-18', 'Absent', '2024-09-30 09:02:08'),
(154, 1, 2001223456, '2024-09-18', 'Present', '2024-09-30 09:02:08'),
(155, 1, 2001224567, '2024-09-18', 'Absent', '2024-09-30 09:02:08'),
(156, 1, 2001225678, '2024-09-18', 'Present', '2024-09-30 09:02:08'),
(157, 1, 2001226789, '2024-09-18', 'Present', '2024-09-30 09:02:08'),
(158, 1, 2001227890, '2024-09-18', 'Absent', '2024-09-30 09:02:08'),
(159, 1, 2001228901, '2024-09-18', 'Present', '2024-09-30 09:02:08'),
(160, 1, 2001229012, '2024-09-18', 'Present', '2024-09-30 09:02:08'),
(161, 1, 2001230123, '2024-09-18', 'Absent', '2024-09-30 09:02:08'),
(162, 1, 2001231234, '2024-09-18', 'Present', '2024-09-30 09:02:08'),
(164, 2, 2001210224, '2024-09-18', 'Absent', '2024-09-29 14:52:15'),
(166, 2, 2001215678, '2024-09-18', 'Present', '2024-09-29 14:52:15'),
(167, 2, 2001216789, '2024-09-18', 'Absent', '2024-09-29 14:52:15'),
(168, 2, 2001217890, '2024-09-18', 'Present', '2024-09-29 14:52:15'),
(169, 2, 2001218901, '2024-09-18', 'Present', '2024-09-29 14:52:15'),
(170, 2, 2001219012, '2024-09-18', 'Absent', '2024-09-29 14:52:15'),
(171, 2, 2001210123, '2024-09-18', 'Present', '2024-09-29 14:52:15'),
(172, 2, 2001211234, '2024-09-18', 'Absent', '2024-09-29 14:52:15'),
(173, 2, 2001212346, '2024-09-18', 'Present', '2024-09-29 14:52:15'),
(174, 2, 2001213457, '2024-09-18', 'Present', '2024-09-29 14:52:15'),
(175, 2, 2001214568, '2024-09-18', 'Absent', '2024-09-29 14:52:15'),
(176, 2, 2001215679, '2024-09-18', 'Present', '2024-09-29 14:52:15'),
(177, 2, 2001216780, '2024-09-18', 'Absent', '2024-09-29 14:52:15'),
(178, 2, 2001217891, '2024-09-18', 'Present', '2024-09-29 14:52:15'),
(179, 2, 2001218902, '2024-09-18', 'Present', '2024-09-29 14:52:15'),
(180, 2, 2001219013, '2024-09-18', 'Absent', '2024-09-29 14:52:15'),
(181, 2, 2001223456, '2024-09-18', 'Present', '2024-09-29 14:52:15'),
(182, 2, 2001224567, '2024-09-18', 'Absent', '2024-09-29 14:52:15'),
(183, 2, 2001225678, '2024-09-18', 'Present', '2024-09-29 14:52:15'),
(184, 2, 2001226789, '2024-09-18', 'Present', '2024-09-29 14:52:15'),
(185, 2, 2001227890, '2024-09-18', 'Absent', '2024-09-29 14:52:15'),
(186, 2, 2001228901, '2024-09-18', 'Present', '2024-09-29 14:52:15'),
(187, 2, 2001229012, '2024-09-18', 'Present', '2024-09-29 14:52:15'),
(188, 2, 2001230123, '2024-09-18', 'Absent', '2024-09-29 14:52:15'),
(189, 2, 2001231234, '2024-09-18', 'Present', '2024-09-29 14:52:15'),
(191, 3, 2001210224, '2024-09-18', 'Absent', '2024-09-29 14:52:15'),
(193, 3, 2001215678, '2024-09-18', 'Present', '2024-09-29 14:52:15'),
(194, 3, 2001216789, '2024-09-18', 'Absent', '2024-09-29 14:52:15'),
(195, 3, 2001217890, '2024-09-18', 'Present', '2024-09-29 14:52:15'),
(196, 3, 2001218901, '2024-09-18', 'Present', '2024-09-29 14:52:15'),
(197, 3, 2001219012, '2024-09-18', 'Absent', '2024-09-29 14:52:15'),
(198, 3, 2001210123, '2024-09-18', 'Present', '2024-09-29 14:52:15'),
(199, 3, 2001211234, '2024-09-18', 'Absent', '2024-09-29 14:52:15'),
(200, 3, 2001212346, '2024-09-18', 'Present', '2024-09-29 14:52:15'),
(201, 3, 2001213457, '2024-09-18', 'Present', '2024-09-29 14:52:15'),
(202, 3, 2001214568, '2024-09-18', 'Absent', '2024-09-29 14:52:15'),
(203, 3, 2001215679, '2024-09-18', 'Present', '2024-09-29 14:52:15'),
(204, 3, 2001216780, '2024-09-18', 'Absent', '2024-09-29 14:52:15'),
(205, 3, 2001217891, '2024-09-18', 'Present', '2024-09-29 14:52:15'),
(206, 3, 2001218902, '2024-09-18', 'Present', '2024-09-29 14:52:15'),
(207, 3, 2001219013, '2024-09-18', 'Absent', '2024-09-29 14:52:15'),
(208, 3, 2001223456, '2024-09-18', 'Present', '2024-09-29 14:52:15'),
(209, 3, 2001224567, '2024-09-18', 'Absent', '2024-09-29 14:52:15'),
(210, 3, 2001225678, '2024-09-18', 'Present', '2024-09-29 14:52:15'),
(211, 3, 2001226789, '2024-09-18', 'Present', '2024-09-29 14:52:15'),
(212, 3, 2001227890, '2024-09-18', 'Absent', '2024-09-29 14:52:15'),
(213, 3, 2001228901, '2024-09-18', 'Present', '2024-09-29 14:52:15'),
(214, 3, 2001229012, '2024-09-18', 'Present', '2024-09-29 14:52:15'),
(215, 3, 2001230123, '2024-09-18', 'Absent', '2024-09-29 14:52:15'),
(216, 3, 2001231234, '2024-09-18', 'Present', '2024-09-29 14:52:15'),
(218, 4, 2001210224, '2024-09-18', 'Absent', '2024-09-29 14:52:15'),
(220, 4, 2001215678, '2024-09-18', 'Present', '2024-09-29 14:52:15'),
(221, 4, 2001216789, '2024-09-18', 'Absent', '2024-09-29 14:52:15'),
(222, 4, 2001217890, '2024-09-18', 'Present', '2024-09-29 14:52:15'),
(223, 4, 2001218901, '2024-09-18', 'Present', '2024-09-29 14:52:15'),
(224, 4, 2001219012, '2024-09-18', 'Absent', '2024-09-29 14:52:15'),
(225, 4, 2001210123, '2024-09-18', 'Present', '2024-09-29 14:52:15'),
(226, 4, 2001211234, '2024-09-18', 'Absent', '2024-09-29 14:52:15'),
(227, 4, 2001212346, '2024-09-18', 'Present', '2024-09-29 14:52:15'),
(228, 4, 2001213457, '2024-09-18', 'Present', '2024-09-29 14:52:15'),
(229, 4, 2001214568, '2024-09-18', 'Absent', '2024-09-29 14:52:15'),
(230, 4, 2001215679, '2024-09-18', 'Present', '2024-09-29 14:52:15'),
(231, 4, 2001216780, '2024-09-18', 'Absent', '2024-09-29 14:52:15'),
(232, 4, 2001217891, '2024-09-18', 'Present', '2024-09-29 14:52:15'),
(233, 4, 2001218902, '2024-09-18', 'Present', '2024-09-29 14:52:15'),
(234, 4, 2001219013, '2024-09-18', 'Absent', '2024-09-29 14:52:15'),
(235, 4, 2001223456, '2024-09-18', 'Present', '2024-09-29 14:52:15'),
(236, 4, 2001224567, '2024-09-18', 'Absent', '2024-09-29 14:52:15'),
(237, 4, 2001225678, '2024-09-18', 'Present', '2024-09-29 14:52:15'),
(238, 4, 2001226789, '2024-09-18', 'Present', '2024-09-29 14:52:15'),
(239, 4, 2001227890, '2024-09-18', 'Absent', '2024-09-29 14:52:15'),
(240, 4, 2001228901, '2024-09-18', 'Present', '2024-09-29 14:52:15'),
(241, 4, 2001229012, '2024-09-18', 'Present', '2024-09-29 14:52:15'),
(242, 4, 2001230123, '2024-09-18', 'Absent', '2024-09-29 14:52:15'),
(243, 4, 2001231234, '2024-09-18', 'Present', '2024-09-29 14:52:15'),
(245, 5, 2001210224, '2024-09-18', 'Absent', '2024-09-29 14:52:15'),
(247, 5, 2001215678, '2024-09-18', 'Present', '2024-09-29 14:52:15'),
(248, 5, 2001216789, '2024-09-18', 'Absent', '2024-09-29 14:52:15'),
(249, 5, 2001217890, '2024-09-18', 'Present', '2024-09-29 14:52:15'),
(250, 5, 2001218901, '2024-09-18', 'Present', '2024-09-29 14:52:15'),
(251, 5, 2001219012, '2024-09-18', 'Absent', '2024-09-29 14:52:15'),
(252, 5, 2001210123, '2024-09-18', 'Present', '2024-09-29 14:52:15'),
(253, 5, 2001211234, '2024-09-18', 'Absent', '2024-09-29 14:52:15'),
(254, 5, 2001212346, '2024-09-18', 'Present', '2024-09-29 14:52:15'),
(255, 5, 2001213457, '2024-09-18', 'Present', '2024-09-29 14:52:15'),
(256, 5, 2001214568, '2024-09-18', 'Absent', '2024-09-29 14:52:15'),
(257, 5, 2001215679, '2024-09-18', 'Present', '2024-09-29 14:52:15'),
(258, 5, 2001216780, '2024-09-18', 'Absent', '2024-09-29 14:52:15'),
(259, 5, 2001217891, '2024-09-18', 'Present', '2024-09-29 14:52:15'),
(260, 5, 2001218902, '2024-09-18', 'Present', '2024-09-29 14:52:15'),
(261, 5, 2001219013, '2024-09-18', 'Absent', '2024-09-29 14:52:15'),
(262, 5, 2001223456, '2024-09-18', 'Present', '2024-09-29 14:52:15'),
(263, 5, 2001224567, '2024-09-18', 'Absent', '2024-09-29 14:52:15'),
(264, 5, 2001225678, '2024-09-18', 'Present', '2024-09-29 14:52:15'),
(265, 5, 2001226789, '2024-09-18', 'Present', '2024-09-29 14:52:15'),
(266, 5, 2001227890, '2024-09-18', 'Absent', '2024-09-29 14:52:15'),
(267, 5, 2001228901, '2024-09-18', 'Present', '2024-09-29 14:52:15'),
(268, 5, 2001229012, '2024-09-18', 'Present', '2024-09-29 14:52:15'),
(269, 5, 2001230123, '2024-09-18', 'Absent', '2024-09-29 14:52:15'),
(270, 5, 2001231234, '2024-09-18', 'Present', '2024-09-29 14:52:15'),
(273, 5, 2001210123, '2024-09-25', 'Absent', '2024-09-29 14:52:15'),
(274, 5, 2001210224, '2024-09-25', 'Absent', '2024-09-29 14:52:15'),
(275, 5, 2001211234, '2024-09-25', 'Absent', '2024-09-29 14:52:15'),
(277, 5, 2001212346, '2024-09-25', 'Absent', '2024-09-29 14:52:15'),
(278, 5, 2001213457, '2024-09-25', 'Absent', '2024-09-29 14:52:15'),
(279, 5, 2001214568, '2024-09-25', 'Absent', '2024-09-29 14:52:15'),
(280, 5, 2001215678, '2024-09-25', 'Absent', '2024-09-29 14:52:15'),
(281, 5, 2001215679, '2024-09-25', 'Absent', '2024-09-29 14:52:15'),
(283, 5, 2001216780, '2024-09-25', 'Absent', '2024-09-29 14:52:15'),
(284, 5, 2001216789, '2024-09-25', 'Absent', '2024-09-29 14:52:15'),
(285, 5, 2001217890, '2024-09-25', 'Absent', '2024-09-29 14:52:15'),
(286, 5, 2001217891, '2024-09-25', 'Absent', '2024-09-29 14:52:15'),
(287, 5, 2001218901, '2024-09-25', 'Absent', '2024-09-29 14:52:15'),
(288, 5, 2001218902, '2024-09-25', 'Absent', '2024-09-29 14:52:15'),
(289, 5, 2001219012, '2024-09-25', 'Absent', '2024-09-29 14:52:15'),
(290, 5, 2001219013, '2024-09-25', 'Absent', '2024-09-29 14:52:15'),
(291, 5, 2001223456, '2024-09-25', 'Absent', '2024-09-29 14:52:15'),
(292, 5, 2001224567, '2024-09-25', 'Absent', '2024-09-29 14:52:15'),
(293, 5, 2001225678, '2024-09-25', 'Absent', '2024-09-29 14:52:15'),
(294, 5, 2001226789, '2024-09-25', 'Absent', '2024-09-29 14:52:15'),
(295, 5, 2001227890, '2024-09-25', 'Absent', '2024-09-29 14:52:15'),
(296, 5, 2001228901, '2024-09-25', 'Absent', '2024-09-29 14:52:15'),
(297, 5, 2001229012, '2024-09-25', 'Absent', '2024-09-29 14:52:15'),
(298, 5, 2001230123, '2024-09-25', 'Absent', '2024-09-29 14:52:15'),
(299, 5, 2001231234, '2024-09-25', 'Absent', '2024-09-29 14:52:15'),
(300, 5, 2001210123, '2024-09-19', 'Absent', '2024-09-29 14:52:15'),
(301, 5, 2001210224, '2024-09-19', 'Absent', '2024-09-29 14:52:15'),
(302, 5, 2001211234, '2024-09-19', 'Absent', '2024-09-29 14:52:15'),
(304, 5, 2001212346, '2024-09-19', 'Absent', '2024-09-29 14:52:15'),
(305, 5, 2001213457, '2024-09-19', 'Absent', '2024-09-29 14:52:15'),
(306, 5, 2001214568, '2024-09-19', 'Absent', '2024-09-29 14:52:15'),
(307, 5, 2001215678, '2024-09-19', 'Absent', '2024-09-29 14:52:15'),
(308, 5, 2001215679, '2024-09-19', 'Absent', '2024-09-29 14:52:15'),
(310, 5, 2001216780, '2024-09-19', 'Absent', '2024-09-29 14:52:15'),
(311, 5, 2001216789, '2024-09-19', 'Absent', '2024-09-29 14:52:15'),
(312, 5, 2001217890, '2024-09-19', 'Absent', '2024-09-29 14:52:15'),
(313, 5, 2001217891, '2024-09-19', 'Absent', '2024-09-29 14:52:15'),
(314, 5, 2001218901, '2024-09-19', 'Absent', '2024-09-29 14:52:15'),
(315, 5, 2001218902, '2024-09-19', 'Absent', '2024-09-29 14:52:15'),
(316, 5, 2001219012, '2024-09-19', 'Absent', '2024-09-29 14:52:15'),
(317, 5, 2001219013, '2024-09-19', 'Absent', '2024-09-29 14:52:15'),
(318, 5, 2001223456, '2024-09-19', 'Absent', '2024-09-29 14:52:15'),
(319, 5, 2001224567, '2024-09-19', 'Absent', '2024-09-29 14:52:15'),
(320, 5, 2001225678, '2024-09-19', 'Absent', '2024-09-29 14:52:15'),
(321, 5, 2001226789, '2024-09-19', 'Absent', '2024-09-29 14:52:15'),
(322, 5, 2001227890, '2024-09-19', 'Absent', '2024-09-29 14:52:15'),
(323, 5, 2001228901, '2024-09-19', 'Absent', '2024-09-29 14:52:15'),
(324, 5, 2001229012, '2024-09-19', 'Absent', '2024-09-29 14:52:15'),
(325, 5, 2001230123, '2024-09-19', 'Absent', '2024-09-29 14:52:15'),
(326, 5, 2001231234, '2024-09-19', 'Absent', '2024-09-29 14:52:15'),
(327, 1, 2001210123, '2024-09-20', 'Absent', '2024-09-29 14:52:15'),
(328, 1, 2001210224, '2024-09-20', 'Absent', '2024-09-29 14:52:15'),
(329, 1, 2001211234, '2024-09-20', 'Absent', '2024-09-29 14:52:15'),
(331, 1, 2001212346, '2024-09-20', 'Absent', '2024-09-29 14:52:15'),
(332, 1, 2001213457, '2024-09-20', 'Absent', '2024-09-29 14:52:15'),
(333, 1, 2001214568, '2024-09-20', 'Absent', '2024-09-29 14:52:15'),
(334, 1, 2001215678, '2024-09-20', 'Absent', '2024-09-29 14:52:15'),
(335, 1, 2001215679, '2024-09-20', 'Absent', '2024-09-29 14:52:15'),
(337, 1, 2001216780, '2024-09-20', 'Absent', '2024-09-29 14:52:15'),
(338, 1, 2001216789, '2024-09-20', 'Absent', '2024-09-29 14:52:15'),
(339, 1, 2001217890, '2024-09-20', 'Absent', '2024-09-29 14:52:15'),
(340, 1, 2001217891, '2024-09-20', 'Absent', '2024-09-29 14:52:15'),
(341, 1, 2001218901, '2024-09-20', 'Absent', '2024-09-29 14:52:15'),
(342, 1, 2001218902, '2024-09-20', 'Absent', '2024-09-29 14:52:15'),
(343, 1, 2001219012, '2024-09-20', 'Absent', '2024-09-29 14:52:15'),
(344, 1, 2001219013, '2024-09-20', 'Absent', '2024-09-29 14:52:15'),
(345, 1, 2001223456, '2024-09-20', 'Absent', '2024-09-29 14:52:15'),
(346, 1, 2001224567, '2024-09-20', 'Absent', '2024-09-29 14:52:15'),
(347, 1, 2001225678, '2024-09-20', 'Absent', '2024-09-29 14:52:15'),
(348, 1, 2001226789, '2024-09-20', 'Absent', '2024-09-29 14:52:15'),
(349, 1, 2001227890, '2024-09-20', 'Absent', '2024-09-29 14:52:15'),
(350, 1, 2001228901, '2024-09-20', 'Absent', '2024-09-29 14:52:15'),
(351, 1, 2001229012, '2024-09-20', 'Absent', '2024-09-29 14:52:15'),
(352, 1, 2001230123, '2024-09-20', 'Absent', '2024-09-29 14:52:15'),
(353, 1, 2001231234, '2024-09-20', 'Absent', '2024-09-29 14:52:15'),
(355, 5, 2001210224, '2024-09-26', 'Absent', '2024-09-29 14:52:15'),
(357, 5, 2001215678, '2024-09-26', 'Absent', '2024-09-29 14:52:15'),
(358, 5, 2001216789, '2024-09-26', 'Absent', '2024-09-29 14:52:15'),
(359, 5, 2001217890, '2024-09-26', 'Absent', '2024-09-29 14:52:15'),
(360, 5, 2001218901, '2024-09-26', 'Absent', '2024-09-29 14:52:15'),
(361, 5, 2001219012, '2024-09-26', 'Absent', '2024-09-29 14:52:15'),
(362, 5, 2001210123, '2024-09-26', 'Absent', '2024-09-29 14:52:15'),
(363, 5, 2001211234, '2024-09-26', 'Absent', '2024-09-29 14:52:15'),
(364, 5, 2001212346, '2024-09-26', 'Absent', '2024-09-29 14:52:15'),
(365, 5, 2001213457, '2024-09-26', 'Absent', '2024-09-29 14:52:15'),
(366, 5, 2001214568, '2024-09-26', 'Absent', '2024-09-29 14:52:15'),
(367, 5, 2001215679, '2024-09-26', 'Absent', '2024-09-29 14:52:15'),
(368, 5, 2001216780, '2024-09-26', 'Absent', '2024-09-29 14:52:15'),
(369, 5, 2001217891, '2024-09-26', 'Absent', '2024-09-29 14:52:15'),
(370, 5, 2001218902, '2024-09-26', 'Absent', '2024-09-29 14:52:15'),
(371, 5, 2001219013, '2024-09-26', 'Absent', '2024-09-29 14:52:15'),
(372, 5, 2001223456, '2024-09-26', 'Absent', '2024-09-29 14:52:15'),
(373, 5, 2001224567, '2024-09-26', 'Absent', '2024-09-29 14:52:15'),
(374, 5, 2001225678, '2024-09-26', 'Absent', '2024-09-29 14:52:15'),
(375, 5, 2001226789, '2024-09-26', 'Absent', '2024-09-29 14:52:15'),
(376, 5, 2001227890, '2024-09-26', 'Absent', '2024-09-29 14:52:15'),
(377, 5, 2001228901, '2024-09-26', 'Absent', '2024-09-29 14:52:15'),
(378, 5, 2001229012, '2024-09-26', 'Absent', '2024-09-29 14:52:15'),
(379, 5, 2001230123, '2024-09-26', 'Absent', '2024-09-29 14:52:15'),
(380, 5, 2001231234, '2024-09-26', 'Absent', '2024-09-29 14:52:15'),
(382, 5, 2001210224, '2024-09-27', 'Absent', '2024-09-29 14:52:15'),
(384, 5, 2001215678, '2024-09-27', 'Absent', '2024-09-29 14:52:15'),
(385, 5, 2001216789, '2024-09-27', 'Absent', '2024-09-29 14:52:15'),
(386, 5, 2001217890, '2024-09-27', 'Absent', '2024-09-29 14:52:15'),
(387, 5, 2001218901, '2024-09-27', 'Absent', '2024-09-29 14:52:15'),
(388, 5, 2001219012, '2024-09-27', 'Absent', '2024-09-29 14:52:15'),
(389, 5, 2001210123, '2024-09-27', 'Absent', '2024-09-29 14:52:15'),
(390, 5, 2001211234, '2024-09-27', 'Absent', '2024-09-29 14:52:15'),
(391, 5, 2001212346, '2024-09-27', 'Absent', '2024-09-29 14:52:15'),
(392, 5, 2001213457, '2024-09-27', 'Absent', '2024-09-29 14:52:15'),
(393, 5, 2001214568, '2024-09-27', 'Absent', '2024-09-29 14:52:15'),
(394, 5, 2001215679, '2024-09-27', 'Absent', '2024-09-29 14:52:15'),
(395, 5, 2001216780, '2024-09-27', 'Absent', '2024-09-29 14:52:15'),
(396, 5, 2001217891, '2024-09-27', 'Absent', '2024-09-29 14:52:15'),
(397, 5, 2001218902, '2024-09-27', 'Absent', '2024-09-29 14:52:15'),
(398, 5, 2001219013, '2024-09-27', 'Absent', '2024-09-29 14:52:15'),
(399, 5, 2001223456, '2024-09-27', 'Absent', '2024-09-29 14:52:15'),
(400, 5, 2001224567, '2024-09-27', 'Absent', '2024-09-29 14:52:15'),
(401, 5, 2001225678, '2024-09-27', 'Absent', '2024-09-29 14:52:15'),
(402, 5, 2001226789, '2024-09-27', 'Absent', '2024-09-29 14:52:15'),
(403, 5, 2001227890, '2024-09-27', 'Absent', '2024-09-29 14:52:15'),
(404, 5, 2001228901, '2024-09-27', 'Absent', '2024-09-29 14:52:15'),
(405, 5, 2001229012, '2024-09-27', 'Absent', '2024-09-29 14:52:15'),
(406, 5, 2001230123, '2024-09-27', 'Absent', '2024-09-29 14:52:15'),
(407, 5, 2001231234, '2024-09-27', 'Absent', '2024-09-29 14:52:15'),
(409, 5, 2001210224, '2024-09-28', 'Absent', '2024-09-29 14:52:15'),
(411, 5, 2001215678, '2024-09-28', 'Absent', '2024-09-29 14:52:15'),
(412, 5, 2001216789, '2024-09-28', 'Absent', '2024-09-29 14:52:15'),
(413, 5, 2001217890, '2024-09-28', 'Absent', '2024-09-29 14:52:15'),
(414, 5, 2001218901, '2024-09-28', 'Absent', '2024-09-29 14:52:15'),
(415, 5, 2001219012, '2024-09-28', 'Absent', '2024-09-29 14:52:15'),
(416, 5, 2001210123, '2024-09-28', 'Absent', '2024-09-29 14:52:15'),
(417, 5, 2001211234, '2024-09-28', 'Absent', '2024-09-29 14:52:15'),
(418, 5, 2001212346, '2024-09-28', 'Absent', '2024-09-29 14:52:15'),
(419, 5, 2001213457, '2024-09-28', 'Absent', '2024-09-29 14:52:15'),
(420, 5, 2001214568, '2024-09-28', 'Absent', '2024-09-29 14:52:15'),
(421, 5, 2001215679, '2024-09-28', 'Absent', '2024-09-29 14:52:15'),
(422, 5, 2001216780, '2024-09-28', 'Absent', '2024-09-29 14:52:15'),
(423, 5, 2001217891, '2024-09-28', 'Absent', '2024-09-29 14:52:15'),
(424, 5, 2001218902, '2024-09-28', 'Absent', '2024-09-29 14:52:15'),
(425, 5, 2001219013, '2024-09-28', 'Absent', '2024-09-29 14:52:15'),
(426, 5, 2001223456, '2024-09-28', 'Absent', '2024-09-29 14:52:15'),
(427, 5, 2001224567, '2024-09-28', 'Absent', '2024-09-29 14:52:15'),
(428, 5, 2001225678, '2024-09-28', 'Absent', '2024-09-29 14:52:15'),
(429, 5, 2001226789, '2024-09-28', 'Absent', '2024-09-29 14:52:15'),
(430, 5, 2001227890, '2024-09-28', 'Absent', '2024-09-29 14:52:15'),
(431, 5, 2001228901, '2024-09-28', 'Absent', '2024-09-29 14:52:15'),
(432, 5, 2001229012, '2024-09-28', 'Absent', '2024-09-29 14:52:15'),
(433, 5, 2001230123, '2024-09-28', 'Absent', '2024-09-29 14:52:15'),
(434, 5, 2001231234, '2024-09-28', 'Absent', '2024-09-29 14:52:15'),
(436, 5, 2001210224, '2024-09-29', 'Absent', '2024-09-29 14:52:15'),
(438, 5, 2001215678, '2024-09-29', 'Absent', '2024-09-29 14:52:15'),
(439, 5, 2001216789, '2024-09-29', 'Absent', '2024-09-29 14:52:15'),
(440, 5, 2001217890, '2024-09-29', 'Absent', '2024-09-29 14:52:15'),
(441, 5, 2001218901, '2024-09-29', 'Absent', '2024-09-29 14:52:15'),
(442, 5, 2001219012, '2024-09-29', 'Absent', '2024-09-29 14:52:15'),
(443, 5, 2001210123, '2024-09-29', 'Absent', '2024-09-29 14:52:15'),
(444, 5, 2001211234, '2024-09-29', 'Absent', '2024-09-29 14:52:15'),
(445, 5, 2001212346, '2024-09-29', 'Absent', '2024-09-29 14:52:15'),
(446, 5, 2001213457, '2024-09-29', 'Absent', '2024-09-29 14:52:15'),
(447, 5, 2001214568, '2024-09-29', 'Absent', '2024-09-29 14:52:15'),
(448, 5, 2001215679, '2024-09-29', 'Absent', '2024-09-29 14:52:15'),
(449, 5, 2001216780, '2024-09-29', 'Absent', '2024-09-29 14:52:15'),
(450, 5, 2001217891, '2024-09-29', 'Absent', '2024-09-29 14:52:15'),
(451, 5, 2001218902, '2024-09-29', 'Absent', '2024-09-29 14:52:15'),
(452, 5, 2001219013, '2024-09-29', 'Absent', '2024-09-29 14:52:15'),
(453, 5, 2001223456, '2024-09-29', 'Absent', '2024-09-29 14:52:15'),
(454, 5, 2001224567, '2024-09-29', 'Absent', '2024-09-29 14:52:15'),
(455, 5, 2001225678, '2024-09-29', 'Absent', '2024-09-29 14:52:15'),
(456, 5, 2001226789, '2024-09-29', 'Absent', '2024-09-29 14:52:15'),
(457, 5, 2001227890, '2024-09-29', 'Absent', '2024-09-29 14:52:15'),
(458, 5, 2001228901, '2024-09-29', 'Absent', '2024-09-29 14:52:15'),
(459, 5, 2001229012, '2024-09-29', 'Absent', '2024-09-29 14:52:15'),
(460, 5, 2001230123, '2024-09-29', 'Absent', '2024-09-29 14:52:15'),
(461, 5, 2001231234, '2024-09-29', 'Absent', '2024-09-29 14:52:15'),
(463, 5, 2001210224, '2024-09-30', 'Absent', '2024-09-30 07:27:49'),
(464, 5, 2001215678, '2024-09-30', 'Absent', '2024-09-30 07:27:49'),
(465, 5, 2001216789, '2024-09-30', 'Absent', '2024-09-30 07:27:49'),
(466, 5, 2001217890, '2024-09-30', 'Absent', '2024-09-30 07:27:49'),
(467, 5, 2001218901, '2024-09-30', 'Absent', '2024-09-30 07:27:49'),
(468, 5, 2001219012, '2024-09-30', 'Absent', '2024-09-30 07:27:49'),
(469, 5, 2001210123, '2024-09-30', 'Absent', '2024-09-30 07:27:49'),
(470, 5, 2001211234, '2024-09-30', 'Absent', '2024-09-30 07:27:49'),
(471, 5, 2001212346, '2024-09-30', 'Absent', '2024-09-30 07:27:49'),
(472, 5, 2001213457, '2024-09-30', 'Absent', '2024-09-30 07:27:49'),
(473, 5, 2001214568, '2024-09-30', 'Absent', '2024-09-30 07:27:49'),
(474, 5, 2001215679, '2024-09-30', 'Absent', '2024-09-30 07:27:49'),
(475, 5, 2001216780, '2024-09-30', 'Absent', '2024-09-30 07:27:49'),
(476, 5, 2001217891, '2024-09-30', 'Absent', '2024-09-30 07:27:49'),
(477, 5, 2001218902, '2024-09-30', 'Absent', '2024-09-30 07:27:49'),
(478, 5, 2001219013, '2024-09-30', 'Absent', '2024-09-30 07:27:49'),
(479, 5, 2001223456, '2024-09-30', 'Absent', '2024-09-30 07:27:49'),
(480, 5, 2001224567, '2024-09-30', 'Absent', '2024-09-30 07:27:49'),
(481, 5, 2001225678, '2024-09-30', 'Absent', '2024-09-30 07:27:49'),
(482, 5, 2001226789, '2024-09-30', 'Absent', '2024-09-30 07:27:49'),
(483, 5, 2001227890, '2024-09-30', 'Absent', '2024-09-30 07:27:49'),
(484, 5, 2001228901, '2024-09-30', 'Absent', '2024-09-30 07:27:49'),
(485, 5, 2001229012, '2024-09-30', 'Absent', '2024-09-30 07:27:49'),
(486, 5, 2001230123, '2024-09-30', 'Absent', '2024-09-30 07:27:49'),
(487, 5, 2001231234, '2024-09-30', 'Absent', '2024-09-30 07:27:49'),
(488, 5, 2001210224, '2024-10-10', 'Absent', '2024-09-30 08:25:06'),
(489, 5, 2001215678, '2024-10-10', 'Absent', '2024-09-30 08:25:06'),
(490, 5, 2001216789, '2024-10-10', 'Absent', '2024-09-30 08:25:06'),
(491, 5, 2001217890, '2024-10-10', 'Absent', '2024-09-30 08:25:06'),
(492, 5, 2001218901, '2024-10-10', 'Absent', '2024-09-30 08:25:06'),
(493, 5, 2001219012, '2024-10-10', 'Absent', '2024-09-30 08:25:06'),
(494, 5, 2001210123, '2024-10-10', 'Absent', '2024-09-30 08:25:06'),
(495, 5, 2001211234, '2024-10-10', 'Absent', '2024-09-30 08:25:06'),
(496, 5, 2001212346, '2024-10-10', 'Absent', '2024-09-30 08:25:06'),
(497, 5, 2001213457, '2024-10-10', 'Absent', '2024-09-30 08:25:06'),
(498, 5, 2001214568, '2024-10-10', 'Absent', '2024-09-30 08:25:06'),
(499, 5, 2001215679, '2024-10-10', 'Absent', '2024-09-30 08:25:06'),
(500, 5, 2001216780, '2024-10-10', 'Absent', '2024-09-30 08:25:06'),
(501, 5, 2001217891, '2024-10-10', 'Absent', '2024-09-30 08:25:06'),
(502, 5, 2001218902, '2024-10-10', 'Absent', '2024-09-30 08:25:06'),
(503, 5, 2001219013, '2024-10-10', 'Absent', '2024-09-30 08:25:06'),
(504, 5, 2001223456, '2024-10-10', 'Absent', '2024-09-30 08:25:06'),
(505, 5, 2001224567, '2024-10-10', 'Absent', '2024-09-30 08:25:06'),
(506, 5, 2001225678, '2024-10-10', 'Absent', '2024-09-30 08:25:06'),
(507, 5, 2001226789, '2024-10-10', 'Absent', '2024-09-30 08:25:06'),
(508, 5, 2001227890, '2024-10-10', 'Absent', '2024-09-30 08:25:06'),
(509, 5, 2001228901, '2024-10-10', 'Absent', '2024-09-30 08:25:06'),
(510, 5, 2001229012, '2024-10-10', 'Absent', '2024-09-30 08:25:06'),
(511, 5, 2001230123, '2024-10-10', 'Absent', '2024-09-30 08:25:06'),
(512, 5, 2001231234, '2024-10-10', 'Absent', '2024-09-30 08:25:06'),
(515, 1, 2001210224, '2024-09-19', 'Absent', '2024-09-30 09:02:08'),
(516, 1, 2001210224, '2024-09-25', 'Absent', '2024-09-30 09:02:08'),
(517, 1, 2001210224, '2024-09-26', 'Absent', '2024-09-30 09:02:08'),
(518, 1, 2001210224, '2024-09-27', 'Absent', '2024-09-30 09:02:08'),
(519, 1, 2001210224, '2024-09-28', 'Absent', '2024-09-30 09:02:08'),
(520, 1, 2001210224, '2024-09-29', 'Absent', '2024-09-30 09:02:08'),
(521, 1, 2001210224, '2024-09-30', 'Absent', '2024-09-30 09:02:08'),
(522, 1, 2001210224, '2024-10-10', 'Absent', '2024-09-30 09:02:08'),
(525, 1, 2001215678, '2024-09-19', 'Absent', '2024-09-30 09:02:08'),
(526, 1, 2001215678, '2024-09-25', 'Absent', '2024-09-30 09:02:08'),
(527, 1, 2001215678, '2024-09-26', 'Absent', '2024-09-30 09:02:08'),
(528, 1, 2001215678, '2024-09-27', 'Absent', '2024-09-30 09:02:08'),
(529, 1, 2001215678, '2024-09-28', 'Absent', '2024-09-30 09:02:08'),
(530, 1, 2001215678, '2024-09-29', 'Absent', '2024-09-30 09:02:08'),
(531, 1, 2001215678, '2024-09-30', 'Absent', '2024-09-30 09:02:08'),
(532, 1, 2001215678, '2024-10-10', 'Absent', '2024-09-30 09:02:08'),
(535, 1, 2001216789, '2024-09-19', 'Absent', '2024-09-30 09:02:08'),
(536, 1, 2001216789, '2024-09-25', 'Absent', '2024-09-30 09:02:08'),
(537, 1, 2001216789, '2024-09-26', 'Absent', '2024-09-30 09:02:08'),
(538, 1, 2001216789, '2024-09-27', 'Absent', '2024-09-30 09:02:08'),
(539, 1, 2001216789, '2024-09-28', 'Absent', '2024-09-30 09:02:08'),
(540, 1, 2001216789, '2024-09-29', 'Absent', '2024-09-30 09:02:08'),
(541, 1, 2001216789, '2024-09-30', 'Absent', '2024-09-30 09:02:08'),
(542, 1, 2001216789, '2024-10-10', 'Absent', '2024-09-30 09:02:08'),
(545, 1, 2001217890, '2024-09-19', 'Absent', '2024-09-30 09:02:08'),
(546, 1, 2001217890, '2024-09-25', 'Absent', '2024-09-30 09:02:08'),
(547, 1, 2001217890, '2024-09-26', 'Absent', '2024-09-30 09:02:08'),
(548, 1, 2001217890, '2024-09-27', 'Absent', '2024-09-30 09:02:08'),
(549, 1, 2001217890, '2024-09-28', 'Absent', '2024-09-30 09:02:08'),
(550, 1, 2001217890, '2024-09-29', 'Absent', '2024-09-30 09:02:08'),
(551, 1, 2001217890, '2024-09-30', 'Absent', '2024-09-30 09:02:08'),
(552, 1, 2001217890, '2024-10-10', 'Absent', '2024-09-30 09:02:08'),
(555, 1, 2001218901, '2024-09-19', 'Absent', '2024-09-30 09:02:08'),
(556, 1, 2001218901, '2024-09-25', 'Absent', '2024-09-30 09:02:08'),
(557, 1, 2001218901, '2024-09-26', 'Absent', '2024-09-30 09:02:08'),
(558, 1, 2001218901, '2024-09-27', 'Absent', '2024-09-30 09:02:08'),
(559, 1, 2001218901, '2024-09-28', 'Absent', '2024-09-30 09:02:08'),
(560, 1, 2001218901, '2024-09-29', 'Absent', '2024-09-30 09:02:08'),
(561, 1, 2001218901, '2024-09-30', 'Absent', '2024-09-30 09:02:08'),
(562, 1, 2001218901, '2024-10-10', 'Absent', '2024-09-30 09:02:08'),
(565, 1, 2001219012, '2024-09-19', 'Absent', '2024-09-30 09:02:08'),
(566, 1, 2001219012, '2024-09-25', 'Absent', '2024-09-30 09:02:08'),
(567, 1, 2001219012, '2024-09-26', 'Absent', '2024-09-30 09:02:08'),
(568, 1, 2001219012, '2024-09-27', 'Absent', '2024-09-30 09:02:08'),
(569, 1, 2001219012, '2024-09-28', 'Absent', '2024-09-30 09:02:08'),
(570, 1, 2001219012, '2024-09-29', 'Absent', '2024-09-30 09:02:08'),
(571, 1, 2001219012, '2024-09-30', 'Absent', '2024-09-30 09:02:08'),
(572, 1, 2001219012, '2024-10-10', 'Absent', '2024-09-30 09:02:08'),
(575, 1, 2001210123, '2024-09-19', 'Absent', '2024-09-30 09:02:08'),
(576, 1, 2001210123, '2024-09-25', 'Absent', '2024-09-30 09:02:08'),
(577, 1, 2001210123, '2024-09-26', 'Absent', '2024-09-30 09:02:08'),
(578, 1, 2001210123, '2024-09-27', 'Absent', '2024-09-30 09:02:08'),
(579, 1, 2001210123, '2024-09-28', 'Absent', '2024-09-30 09:02:08'),
(580, 1, 2001210123, '2024-09-29', 'Absent', '2024-09-30 09:02:08'),
(581, 1, 2001210123, '2024-09-30', 'Absent', '2024-09-30 09:02:08'),
(582, 1, 2001210123, '2024-10-10', 'Absent', '2024-09-30 09:02:08'),
(585, 1, 2001211234, '2024-09-19', 'Absent', '2024-09-30 09:02:08'),
(586, 1, 2001211234, '2024-09-25', 'Absent', '2024-09-30 09:02:08'),
(587, 1, 2001211234, '2024-09-26', 'Absent', '2024-09-30 09:02:08'),
(588, 1, 2001211234, '2024-09-27', 'Absent', '2024-09-30 09:02:08'),
(589, 1, 2001211234, '2024-09-28', 'Absent', '2024-09-30 09:02:08'),
(590, 1, 2001211234, '2024-09-29', 'Absent', '2024-09-30 09:02:08'),
(591, 1, 2001211234, '2024-09-30', 'Absent', '2024-09-30 09:02:08'),
(592, 1, 2001211234, '2024-10-10', 'Absent', '2024-09-30 09:02:08'),
(595, 1, 2001212346, '2024-09-19', 'Absent', '2024-09-30 09:02:08'),
(596, 1, 2001212346, '2024-09-25', 'Absent', '2024-09-30 09:02:08'),
(597, 1, 2001212346, '2024-09-26', 'Absent', '2024-09-30 09:02:08'),
(598, 1, 2001212346, '2024-09-27', 'Absent', '2024-09-30 09:02:08'),
(599, 1, 2001212346, '2024-09-28', 'Absent', '2024-09-30 09:02:08'),
(600, 1, 2001212346, '2024-09-29', 'Absent', '2024-09-30 09:02:08'),
(601, 1, 2001212346, '2024-09-30', 'Absent', '2024-09-30 09:02:08'),
(602, 1, 2001212346, '2024-10-10', 'Absent', '2024-09-30 09:02:08'),
(605, 1, 2001213457, '2024-09-19', 'Absent', '2024-09-30 09:02:08'),
(606, 1, 2001213457, '2024-09-25', 'Absent', '2024-09-30 09:02:08'),
(607, 1, 2001213457, '2024-09-26', 'Absent', '2024-09-30 09:02:08'),
(608, 1, 2001213457, '2024-09-27', 'Absent', '2024-09-30 09:02:08'),
(609, 1, 2001213457, '2024-09-28', 'Absent', '2024-09-30 09:02:08'),
(610, 1, 2001213457, '2024-09-29', 'Absent', '2024-09-30 09:02:08'),
(611, 1, 2001213457, '2024-09-30', 'Absent', '2024-09-30 09:02:08'),
(612, 1, 2001213457, '2024-10-10', 'Absent', '2024-09-30 09:02:08'),
(615, 1, 2001214568, '2024-09-19', 'Absent', '2024-09-30 09:02:08'),
(616, 1, 2001214568, '2024-09-25', 'Absent', '2024-09-30 09:02:08'),
(617, 1, 2001214568, '2024-09-26', 'Absent', '2024-09-30 09:02:08'),
(618, 1, 2001214568, '2024-09-27', 'Absent', '2024-09-30 09:02:08'),
(619, 1, 2001214568, '2024-09-28', 'Absent', '2024-09-30 09:02:08'),
(620, 1, 2001214568, '2024-09-29', 'Absent', '2024-09-30 09:02:08'),
(621, 1, 2001214568, '2024-09-30', 'Absent', '2024-09-30 09:02:08'),
(622, 1, 2001214568, '2024-10-10', 'Absent', '2024-09-30 09:02:08'),
(625, 1, 2001215679, '2024-09-19', 'Absent', '2024-09-30 09:02:08'),
(626, 1, 2001215679, '2024-09-25', 'Absent', '2024-09-30 09:02:08'),
(627, 1, 2001215679, '2024-09-26', 'Absent', '2024-09-30 09:02:08'),
(628, 1, 2001215679, '2024-09-27', 'Absent', '2024-09-30 09:02:08'),
(629, 1, 2001215679, '2024-09-28', 'Absent', '2024-09-30 09:02:08'),
(630, 1, 2001215679, '2024-09-29', 'Absent', '2024-09-30 09:02:08'),
(631, 1, 2001215679, '2024-09-30', 'Absent', '2024-09-30 09:02:08'),
(632, 1, 2001215679, '2024-10-10', 'Absent', '2024-09-30 09:02:08'),
(635, 1, 2001216780, '2024-09-19', 'Absent', '2024-09-30 09:02:08'),
(636, 1, 2001216780, '2024-09-25', 'Absent', '2024-09-30 09:02:08'),
(637, 1, 2001216780, '2024-09-26', 'Absent', '2024-09-30 09:02:08'),
(638, 1, 2001216780, '2024-09-27', 'Absent', '2024-09-30 09:02:08'),
(639, 1, 2001216780, '2024-09-28', 'Absent', '2024-09-30 09:02:08'),
(640, 1, 2001216780, '2024-09-29', 'Absent', '2024-09-30 09:02:08'),
(641, 1, 2001216780, '2024-09-30', 'Absent', '2024-09-30 09:02:08'),
(642, 1, 2001216780, '2024-10-10', 'Absent', '2024-09-30 09:02:08'),
(645, 1, 2001217891, '2024-09-19', 'Absent', '2024-09-30 09:02:08'),
(646, 1, 2001217891, '2024-09-25', 'Absent', '2024-09-30 09:02:08'),
(647, 1, 2001217891, '2024-09-26', 'Absent', '2024-09-30 09:02:08'),
(648, 1, 2001217891, '2024-09-27', 'Absent', '2024-09-30 09:02:08'),
(649, 1, 2001217891, '2024-09-28', 'Absent', '2024-09-30 09:02:08'),
(650, 1, 2001217891, '2024-09-29', 'Absent', '2024-09-30 09:02:08'),
(651, 1, 2001217891, '2024-09-30', 'Absent', '2024-09-30 09:02:08'),
(652, 1, 2001217891, '2024-10-10', 'Absent', '2024-09-30 09:02:08'),
(655, 1, 2001218902, '2024-09-19', 'Absent', '2024-09-30 09:02:08'),
(656, 1, 2001218902, '2024-09-25', 'Absent', '2024-09-30 09:02:08'),
(657, 1, 2001218902, '2024-09-26', 'Absent', '2024-09-30 09:02:08'),
(658, 1, 2001218902, '2024-09-27', 'Absent', '2024-09-30 09:02:08'),
(659, 1, 2001218902, '2024-09-28', 'Absent', '2024-09-30 09:02:08'),
(660, 1, 2001218902, '2024-09-29', 'Absent', '2024-09-30 09:02:08'),
(661, 1, 2001218902, '2024-09-30', 'Absent', '2024-09-30 09:02:08'),
(662, 1, 2001218902, '2024-10-10', 'Absent', '2024-09-30 09:02:08'),
(665, 1, 2001219013, '2024-09-19', 'Absent', '2024-09-30 09:02:08'),
(666, 1, 2001219013, '2024-09-25', 'Absent', '2024-09-30 09:02:08'),
(667, 1, 2001219013, '2024-09-26', 'Absent', '2024-09-30 09:02:08'),
(668, 1, 2001219013, '2024-09-27', 'Absent', '2024-09-30 09:02:08'),
(669, 1, 2001219013, '2024-09-28', 'Absent', '2024-09-30 09:02:08'),
(670, 1, 2001219013, '2024-09-29', 'Absent', '2024-09-30 09:02:08'),
(671, 1, 2001219013, '2024-09-30', 'Absent', '2024-09-30 09:02:08'),
(672, 1, 2001219013, '2024-10-10', 'Absent', '2024-09-30 09:02:08'),
(675, 1, 2001223456, '2024-09-19', 'Absent', '2024-09-30 09:02:08'),
(676, 1, 2001223456, '2024-09-25', 'Absent', '2024-09-30 09:02:08'),
(677, 1, 2001223456, '2024-09-26', 'Absent', '2024-09-30 09:02:08'),
(678, 1, 2001223456, '2024-09-27', 'Absent', '2024-09-30 09:02:08'),
(679, 1, 2001223456, '2024-09-28', 'Absent', '2024-09-30 09:02:08'),
(680, 1, 2001223456, '2024-09-29', 'Absent', '2024-09-30 09:02:08'),
(681, 1, 2001223456, '2024-09-30', 'Absent', '2024-09-30 09:02:08'),
(682, 1, 2001223456, '2024-10-10', 'Absent', '2024-09-30 09:02:08'),
(685, 1, 2001224567, '2024-09-19', 'Absent', '2024-09-30 09:02:08'),
(686, 1, 2001224567, '2024-09-25', 'Absent', '2024-09-30 09:02:08'),
(687, 1, 2001224567, '2024-09-26', 'Absent', '2024-09-30 09:02:08'),
(688, 1, 2001224567, '2024-09-27', 'Absent', '2024-09-30 09:02:08'),
(689, 1, 2001224567, '2024-09-28', 'Absent', '2024-09-30 09:02:08'),
(690, 1, 2001224567, '2024-09-29', 'Absent', '2024-09-30 09:02:08'),
(691, 1, 2001224567, '2024-09-30', 'Absent', '2024-09-30 09:02:08'),
(692, 1, 2001224567, '2024-10-10', 'Absent', '2024-09-30 09:02:08'),
(695, 1, 2001225678, '2024-09-19', 'Absent', '2024-09-30 09:02:08'),
(696, 1, 2001225678, '2024-09-25', 'Absent', '2024-09-30 09:02:08'),
(697, 1, 2001225678, '2024-09-26', 'Absent', '2024-09-30 09:02:08'),
(698, 1, 2001225678, '2024-09-27', 'Absent', '2024-09-30 09:02:08'),
(699, 1, 2001225678, '2024-09-28', 'Absent', '2024-09-30 09:02:08'),
(700, 1, 2001225678, '2024-09-29', 'Absent', '2024-09-30 09:02:08'),
(701, 1, 2001225678, '2024-09-30', 'Absent', '2024-09-30 09:02:08'),
(702, 1, 2001225678, '2024-10-10', 'Absent', '2024-09-30 09:02:08'),
(705, 1, 2001226789, '2024-09-19', 'Absent', '2024-09-30 09:02:08'),
(706, 1, 2001226789, '2024-09-25', 'Absent', '2024-09-30 09:02:08'),
(707, 1, 2001226789, '2024-09-26', 'Absent', '2024-09-30 09:02:08'),
(708, 1, 2001226789, '2024-09-27', 'Absent', '2024-09-30 09:02:08'),
(709, 1, 2001226789, '2024-09-28', 'Absent', '2024-09-30 09:02:08'),
(710, 1, 2001226789, '2024-09-29', 'Absent', '2024-09-30 09:02:08'),
(711, 1, 2001226789, '2024-09-30', 'Absent', '2024-09-30 09:02:08'),
(712, 1, 2001226789, '2024-10-10', 'Absent', '2024-09-30 09:02:08'),
(715, 1, 2001227890, '2024-09-19', 'Absent', '2024-09-30 09:02:08'),
(716, 1, 2001227890, '2024-09-25', 'Absent', '2024-09-30 09:02:08'),
(717, 1, 2001227890, '2024-09-26', 'Absent', '2024-09-30 09:02:08'),
(718, 1, 2001227890, '2024-09-27', 'Absent', '2024-09-30 09:02:08'),
(719, 1, 2001227890, '2024-09-28', 'Absent', '2024-09-30 09:02:08'),
(720, 1, 2001227890, '2024-09-29', 'Absent', '2024-09-30 09:02:08'),
(721, 1, 2001227890, '2024-09-30', 'Absent', '2024-09-30 09:02:08'),
(722, 1, 2001227890, '2024-10-10', 'Absent', '2024-09-30 09:02:08'),
(725, 1, 2001228901, '2024-09-19', 'Absent', '2024-09-30 09:02:08'),
(726, 1, 2001228901, '2024-09-25', 'Absent', '2024-09-30 09:02:08'),
(727, 1, 2001228901, '2024-09-26', 'Absent', '2024-09-30 09:02:08'),
(728, 1, 2001228901, '2024-09-27', 'Absent', '2024-09-30 09:02:08'),
(729, 1, 2001228901, '2024-09-28', 'Absent', '2024-09-30 09:02:08'),
(730, 1, 2001228901, '2024-09-29', 'Absent', '2024-09-30 09:02:08'),
(731, 1, 2001228901, '2024-09-30', 'Absent', '2024-09-30 09:02:08'),
(732, 1, 2001228901, '2024-10-10', 'Absent', '2024-09-30 09:02:08'),
(735, 1, 2001229012, '2024-09-19', 'Absent', '2024-09-30 09:02:08'),
(736, 1, 2001229012, '2024-09-25', 'Absent', '2024-09-30 09:02:08'),
(737, 1, 2001229012, '2024-09-26', 'Absent', '2024-09-30 09:02:08'),
(738, 1, 2001229012, '2024-09-27', 'Absent', '2024-09-30 09:02:08'),
(739, 1, 2001229012, '2024-09-28', 'Absent', '2024-09-30 09:02:08'),
(740, 1, 2001229012, '2024-09-29', 'Absent', '2024-09-30 09:02:08'),
(741, 1, 2001229012, '2024-09-30', 'Absent', '2024-09-30 09:02:08'),
(742, 1, 2001229012, '2024-10-10', 'Absent', '2024-09-30 09:02:08'),
(745, 1, 2001230123, '2024-09-19', 'Absent', '2024-09-30 09:02:08'),
(746, 1, 2001230123, '2024-09-25', 'Absent', '2024-09-30 09:02:08'),
(747, 1, 2001230123, '2024-09-26', 'Absent', '2024-09-30 09:02:08'),
(748, 1, 2001230123, '2024-09-27', 'Absent', '2024-09-30 09:02:08'),
(749, 1, 2001230123, '2024-09-28', 'Absent', '2024-09-30 09:02:08'),
(750, 1, 2001230123, '2024-09-29', 'Absent', '2024-09-30 09:02:08'),
(751, 1, 2001230123, '2024-09-30', 'Absent', '2024-09-30 09:02:08'),
(752, 1, 2001230123, '2024-10-10', 'Absent', '2024-09-30 09:02:08'),
(755, 1, 2001231234, '2024-09-19', 'Absent', '2024-09-30 09:02:08'),
(756, 1, 2001231234, '2024-09-25', 'Absent', '2024-09-30 09:02:08'),
(757, 1, 2001231234, '2024-09-26', 'Absent', '2024-09-30 09:02:08'),
(758, 1, 2001231234, '2024-09-27', 'Absent', '2024-09-30 09:02:08'),
(759, 1, 2001231234, '2024-09-28', 'Absent', '2024-09-30 09:02:08'),
(760, 1, 2001231234, '2024-09-29', 'Absent', '2024-09-30 09:02:08'),
(761, 1, 2001231234, '2024-09-30', 'Absent', '2024-09-30 09:02:08'),
(762, 1, 2001231234, '2024-10-10', 'Absent', '2024-09-30 09:02:08');

-- --------------------------------------------------------

--
-- Table structure for table `classes`
--

CREATE TABLE `classes` (
  `id` int(11) NOT NULL,
  `name` varchar(255) NOT NULL,
  `course_id` int(11) DEFAULT NULL,
  `teacher_id` int(11) DEFAULT NULL,
  `semester_id` int(11) DEFAULT NULL,
  `student_count` int(11) DEFAULT 0
) ENGINE=InnoDB DEFAULT CHARSET=utf8mb4 COLLATE=utf8mb4_general_ci;

--
-- Dumping data for table `classes`
--

INSERT INTO `classes` (`id`, `name`, `course_id`, `teacher_id`, `semester_id`, `student_count`) VALUES
(1, 'A404', 24, 1000001234, 8, 0),
(2, 'A205', 25, 1000001234, 8, 0),
(3, 'A102', 24, 1000001234, 8, 0),
(4, 'A303', 25, 1000001234, 8, 26),
(5, 'A103', 28, 1000001234, 9, 25),
(6, 'A101', 28, 1000001234, 9, 0),
(7, 'A304', 27, 1000001234, 9, 0),
(8, 'A503', NULL, 1000001234, 9, 0),
(9, 'A503', NULL, 1000001234, 9, 0),
(13, 'A505', NULL, 1000001234, 9, 0),
(17, 'A505', 43, 1000001234, 9, 0),
(20, 'A501', NULL, 1000001234, 9, 0),
(21, 'A501', NULL, 1000001234, 9, 0),
(22, 'A501', NULL, 1000001234, 9, 0),
(28, 'A502', NULL, 1000001234, 9, 0),
(29, 'A503', 56, 1000001234, 9, 0),
(34, 'A502', 58, 1000001234, 9, 0);

-- --------------------------------------------------------

--
-- Table structure for table `class_students`
--

CREATE TABLE `class_students` (
  `stt` int(11) NOT NULL,
  `class_id` int(11) NOT NULL,
  `student_id` int(11) NOT NULL
) ENGINE=InnoDB DEFAULT CHARSET=utf8mb4 COLLATE=utf8mb4_general_ci;

--
-- Dumping data for table `class_students`
--

INSERT INTO `class_students` (`stt`, `class_id`, `student_id`) VALUES
(9, 4, 2001210123),
(2, 4, 2001210224),
(10, 4, 2001211234),
(11, 4, 2001212346),
(12, 4, 2001213457),
(13, 4, 2001214568),
(4, 4, 2001215678),
(14, 4, 2001215679),
(15, 4, 2001216780),
(5, 4, 2001216789),
(6, 4, 2001217890),
(16, 4, 2001217891),
(7, 4, 2001218901),
(17, 4, 2001218902),
(8, 4, 2001219012),
(18, 4, 2001219013),
(19, 4, 2001223456),
(20, 4, 2001224567),
(21, 4, 2001225678),
(22, 4, 2001226789),
(23, 4, 2001227890),
(24, 4, 2001228901),
(25, 4, 2001229012),
(26, 4, 2001230123),
(27, 4, 2001231234),
(1, 4, 2001248901),
(9, 5, 2001210123),
(2, 5, 2001210224),
(10, 5, 2001211234),
(11, 5, 2001212346),
(12, 5, 2001213457),
(13, 5, 2001214568),
(4, 5, 2001215678),
(14, 5, 2001215679),
(15, 5, 2001216780),
(5, 5, 2001216789),
(6, 5, 2001217890),
(16, 5, 2001217891),
(7, 5, 2001218901),
(17, 5, 2001218902),
(8, 5, 2001219012),
(18, 5, 2001219013),
(19, 5, 2001223456),
(20, 5, 2001224567),
(21, 5, 2001225678),
(22, 5, 2001226789),
(23, 5, 2001227890),
(24, 5, 2001228901),
(25, 5, 2001229012),
(26, 5, 2001230123),
(27, 5, 2001231234);

-- --------------------------------------------------------

--
-- Table structure for table `courses`
--

CREATE TABLE `courses` (
  `id` int(11) NOT NULL,
  `name` varchar(255) NOT NULL,
  `credits` int(11) NOT NULL,
  `theory_hours` int(11) NOT NULL,
  `practice_hours` int(11) NOT NULL
) ENGINE=InnoDB DEFAULT CHARSET=utf8mb4 COLLATE=utf8mb4_general_ci;

--
-- Dumping data for table `courses`
--

INSERT INTO `courses` (`id`, `name`, `credits`, `theory_hours`, `practice_hours`) VALUES
(1, 'Nhp mn lp trnh', 3, 45, 0),
(2, 'Thc hnh nhp mn lp trnh', 2, 0, 60),
(3, 'K nng ng dng Cng ngh Thng tin', 2, 0, 75),
(4, 'Gii tch', 3, 45, 0),
(5, 'H iu hnh', 3, 45, 0),
(6, 'Thc hnh H iu hnh', 1, 0, 30),
(7, 'Kin trc my tnh', 3, 45, 0),
(8, 'K thut lp trnh', 2, 30, 0),
(9, 'Thc hnh k thut lp trnh', 1, 0, 30),
(10, 'i s tuyn tnh', 2, 30, 0),
(11, 'Anh Vn 1', 3, 45, 0),
(12, 'Anh Vn 2', 3, 45, 0),
(13, 'Cu trc d liu v gii thut', 3, 45, 0),
(14, 'Mng my tnh', 3, 45, 0),
(15, 'Thc hnh cu trc d liu v gii thut', 1, 0, 60),
(16, 'Thc hnh mng my tnh', 1, 0, 30),
(17, 'Cu trc ri rc', 3, 45, 0),
(18, 'Thc hnh Cu trc ri rc', 1, 0, 30),
(19, 'Phng php nghin cu khoa hc', 2, 30, 0),
(20, 'Phn tch thit k thut ton', 2, 30, 0),
(21, 'Thit k web', 3, 15, 60),
(22, 'Lp trnh hng i tng', 3, 45, 0),
(23, 'Thc hnh lp trnh hng i tng', 1, 0, 30),
(24, 'C s d liu', 3, 45, 0),
(25, 'Thc hnh c s d liu', 1, 0, 30),
(26, 'Anh vn 3', 3, 45, 0),
(27, 'H qun tr c s d liu', 3, 45, 0),
(28, 'Thc hnh h qun tr c s d liu', 1, 0, 30),
(29, 'Lp trnh Web', 3, 15, 60),
(30, 'Tr tu nhn to', 3, 45, 0),
(31, 'Thc hnh tr tu nhn to', 1, 0, 30),
(32, 'Cng Ngh Java', 3, 15, 60),
(33, 'Phn tch thit k h thng thng tin', 3, 45, 0),
(34, 'Thc hnh phn tch thit k h thng thng tin', 1, 0, 30),
(35, 'Lp trnh m ngun m', 3, 15, 60),
(36, 'Pht trin ng dng di ng', 3, 15, 60),
(37, 'o ha v in ton m my', 2, 30, 0),
(38, 'Cng ngh phn mm nng cao', 3, 45, 0),
(39, 'Kim nh phn mm', 2, 30, 0),
(40, 'Thc hnh kim nh phn mm', 1, 0, 30),
(41, 'Pht trin phn mm ng dng thng minh', 3, 15, 60),
(43, 'C s d liu NOSQL', 0, 0, 0),
(56, 'C s d liu nng cao', 0, 0, 0),
(58, 'MongoDB', 0, 0, 0);

-- --------------------------------------------------------

--
-- Table structure for table `semesters`
--

CREATE TABLE `semesters` (
  `id` int(11) NOT NULL,
  `name` varchar(50) NOT NULL,
  `is_active` int(2) DEFAULT NULL,
  `start_date` date NOT NULL,
  `end_date` date NOT NULL
) ENGINE=InnoDB DEFAULT CHARSET=utf8mb4 COLLATE=utf8mb4_general_ci;

--
-- Dumping data for table `semesters`
--

INSERT INTO `semesters` (`id`, `name`, `is_active`, `start_date`, `end_date`) VALUES
(1, 'HK1 (2021 - 2022)', 0, '2021-03-10', '2022-01-18'),
(2, 'HK2 (2021 - 2022)', 0, '2022-03-04', '2022-05-11'),
(3, 'HK1 (2022 - 2023)', 0, '2022-09-10', '2022-12-30'),
(4, 'HK2 (2022 - 2023)', 0, '2026-02-08', '2023-06-05'),
(5, 'HK3 (H 2022 - 2023)', 0, '2023-07-03', '2023-07-14'),
(6, 'HK1 (2023 - 2024)', 0, '2023-10-30', '2023-12-15'),
(7, 'HK2 (2023 - 2024)', 0, '2024-01-17', '2025-04-26'),
(8, 'HK3 (H 2023 - 2024)', 0, '2024-07-10', '2024-08-07'),
(9, 'HK1 (2024 - 2025)', 1, '2024-08-15', '2025-12-17');

-- --------------------------------------------------------

--
-- Table structure for table `students`
--

CREATE TABLE `students` (
  `id` int(11) NOT NULL,
  `lastname` varchar(50) DEFAULT NULL,
  `firstname` varchar(50) NOT NULL,
  `email` varchar(100) DEFAULT NULL,
  `phone` varchar(15) DEFAULT NULL,
  `class` varchar(50) DEFAULT NULL,
  `birthday` date NOT NULL,
  `gender` enum('Nam','N','Khc') DEFAULT NULL
) ENGINE=InnoDB DEFAULT CHARSET=utf8mb4 COLLATE=utf8mb4_general_ci;

--
-- Dumping data for table `students`
--

INSERT INTO `students` (`id`, `lastname`, `firstname`, `email`, `phone`, `class`, `birthday`, `gender`) VALUES
(2001210123, 'Trn Vn', 'Tng', 'tranvantung@gmail.com', '0911234567', '12DHTH11', '2003-03-01', 'Nam'),
(2001210224, 'Nguyn Hu', 'Thng', 'huuthong@gmail.com', '0901234567', '12DHTH14', '2003-03-15', 'Nam'),
(2001211234, 'Phm Th', 'Vn', 'phamthivan@gmail.com', '0912345678', '14DHTH12', '2005-10-17', 'N'),
(2001212345, 'L Minh', 'Cng', 'leminhcuong@gmail.com', '0903456789', '12DHTH03', '2003-02-11', 'Nam'),
(2001212346, 'Hong Th', 'Mai', 'hoangthimai@gmail.com', '0913456789', '13DHTH13', '2004-08-12', 'N'),
(2001213456, 'Trng Th', 'Lan', 'truongthilan@gmail.com', '0904567890', '12DHTH04', '2003-06-06', 'N'),
(2001213457, 'Nguyn Vn', 'Hng', 'nguyenvanhung@gmail.com', '0914567890', '12DHTH14', '2002-05-05', 'Nam'),
(2001214567, 'Hong Vn', 'Linh', 'hoangvanlinh@gmail.com', '0905678901', '12DHTH05', '2003-04-08', 'Nam'),
(2001214568, 'Bi Vn', 'Long', 'buivanlong@gmail.com', '0915678901', '13DHTH15', '2004-02-02', 'Nam'),
(2001215678, 'Bi Th', 'Hng', 'buithihong@gmail.com', '0906789012', '12DHTH06', '2003-12-19', 'N'),
(2001215679, 'L Th', 'Nh', 'lethinh@gmail.com', '0916789012', '12DHTH16', '2003-11-11', 'N'),
(2001216780, 'Trng Vn', 'Dng', 'truongvandung@gmail.com', '0917890123', '12DHTH17', '2003-01-01', 'Nam'),
(2001216789, 'V Vn', 'Bnh', 'vuvanhbinh@gmail.com', '0907890123', '11DHTH07', '2002-10-10', 'Nam'),
(2001217890, 'Nguyn Th', 'Hoa', 'nguyenthihua@gmail.com', '0908901234', '11DHTH08', '2002-11-17', 'N'),
(2001217891, 'V Th', 'Hnh', 'vuthihanh@gmail.com', '0918901234', '13DHTH18', '2004-05-17', 'N'),
(2001218901, 'ng Vn', 'Qun', 'dangvanquan@gmail.com', '0909012345', '11DHTH09', '2002-05-30', 'Nam'),
(2001218902, 'ng Th', 'Thu', 'dangthithu@gmail.com', '0920123456', '13DHTH19', '2004-11-12', 'N'),
(2001219012, 'Lng Th', 'Ngn', 'luongthingan@gmail.com', '0910123456', '12DHTH10', '2003-11-16', 'N'),
(2001219013, 'Lng Vn', 'Tm', 'luongvantam@gmail.com', '0921234567', '14DHTH20', '2004-01-01', 'Nam'),
(2001223456, 'Nguyn Vn', 'Duy', 'nguyenduy@gmail.com', '0912345678', '12DHTH01', '2003-02-20', 'Nam'),
(2001224567, 'L Th', 'Mai', 'lethimai@gmail.com', '0913456789', '12DHTH02', '2003-03-25', 'N'),
(2001225678, 'Trn Vn', 'Khi', 'tranvankhai@gmail.com', '0914567890', '12DHTH03', '2003-04-15', 'Nam'),
(2001226789, 'Nguyn Th', 'Thu', 'nguyenhuu@gmail.com', '0915678901', '12DHTH04', '2003-05-22', 'N'),
(2001227890, 'Bi Vn', 'Thng', 'buivanthang@gmail.com', '0916789012', '12DHTH05', '2003-06-30', 'Nam'),
(2001228901, 'Phm Th', 'Nh', 'phamthinh@gmail.com', '0917890123', '12DHTH06', '2003-07-10', 'N'),
(2001229012, 'Lng Th', 'Vn', 'luongthivan@gmail.com', '0920123456', '12DHTH07', '2003-08-18', 'N'),
(2001230123, 'Trn Vn', 't', 'tranvandat@gmail.com', '0921234567', '12DHTH08', '2003-09-25', 'Nam'),
(2001231234, 'Nguyn Vn', 'Sn', 'nguyenvanson@gmail.com', '0922345678', '12DHTH09', '2003-10-05', 'Nam'),
(2001232345, 'L Th', 'Lan', 'lethilan@gmail.com', '0923456789', '12DHTH10', '2003-11-12', 'N'),
(2001233456, 'Bi Vn', 'Hong', 'buivanhoang@gmail.com', '0924567890', '12DHTH11', '2003-12-20', 'Nam'),
(2001234567, 'Trn Th', 'Thu', 'tranthithu@gmail.com', '0925678901', '13DHTH01', '2004-01-30', 'N'),
(2001235678, 'Nguyn Th', 'Hoa', 'nguyenthihua@gmail.com', '0926789012', '13DHTH02', '2004-02-15', 'N'),
(2001236789, 'Lng Vn', 'Hng', 'luongvanhung@gmail.com', '0927890123', '13DHTH03', '2004-03-22', 'Nam'),
(2001237890, 'Bi Th', 'Ngn', 'buithingan@gmail.com', '0928901234', '13DHTH04', '2004-04-28', 'N'),
(2001238901, 'Nguyn Vn', 'Ha', 'nguyenvanhoag@gmail.com', '0930123456', '13DHTH05', '2004-05-30', 'Nam'),
(2001239012, 'Trn Th', 'Vn', 'tranthivang@gmail.com', '0931234567', '13DHTH06', '2004-06-10', 'N'),
(2001240123, 'L Vn', 'Cng', 'levancuong@gmail.com', '0932345678', '13DHTH07', '2004-07-15', 'Nam'),
(2001241234, 'Nguyn Th', 'Thy', 'nguyenthithuy@gmail.com', '0933456789', '13DHTH08', '2004-08-20', 'N'),
(2001242345, 'Bi Vn', 'Tng', 'buivantung@gmail.com', '0934567890', '13DHTH09', '2004-09-30', 'Nam'),
(2001243456, 'Lng Th', 'Tm', 'luongthitam@gmail.com', '0935678901', '13DHTH10', '2004-10-10', 'N'),
(2001244567, 'Nguyn Vn', 'Long', 'nguyenvanlong@gmail.com', '0936789012', '13DHTH11', '2004-11-15', 'Nam'),
(2001245678, 'Trn Th', 'Duyn', 'tranthiduyen@gmail.com', '0937890123', '14DHTH01', '2005-01-20', 'N'),
(2001246789, 'L Th', 'Nh', 'lethinh@gmail.com', '0938901234', '14DHTH02', '2005-02-25', 'N'),
(2001247890, 'Bi Vn', 'Ha', 'buivanhola@gmail.com', '0939012345', '14DHTH03', '2005-03-15', 'Nam'),
(2001248901, 'Nguyn Th', 'Hng', 'nguyenthihuong@gmail.com', '0940123456', '14DHTH04', '2005-04-20', 'N'),
(2001249012, 'Lng Vn', 'Khi', 'luongvankhai@gmail.com', '0941234567', '14DHTH05', '2005-05-10', 'Nam'),
(2001250123, 'Bi Th', 'Thu', 'buithithu@gmail.com', '0942345678', '14DHTH06', '2005-06-30', 'N'),
(2001251234, 'Nguyn Vn', 'V', 'nguyenvanvu@gmail.com', '0943456789', '14DHTH07', '2005-07-25', 'Nam'),
(2001252345, 'L Th', 'Hnh', 'lethihanh@gmail.com', '0944567890', '14DHTH08', '2005-08-15', 'N'),
(2001253456, 'Trn Vn', 'Thnh', 'tranvanthinh@gmail.com', '0945678901', '14DHTH09', '2005-09-10', 'Nam'),
(2001254567, 'Bi Vn', 'Dng', 'buivandung@gmail.com', '0946789012', '14DHTH10', '2005-10-25', 'Nam');

-- --------------------------------------------------------

--
-- Table structure for table `teachers`
--

CREATE TABLE `teachers` (
  `id` int(11) NOT NULL,
  `lastname` varchar(50) DEFAULT NULL,
  `firstname` varchar(50) NOT NULL,
  `email` varchar(100) DEFAULT NULL,
  `phone` varchar(15) DEFAULT NULL,
  `birthday` date NOT NULL,
  `gender` enum('Nam','N','Other') DEFAULT NULL
) ENGINE=InnoDB DEFAULT CHARSET=utf8mb4 COLLATE=utf8mb4_general_ci;

--
-- Dumping data for table `teachers`
--

INSERT INTO `teachers` (`id`, `lastname`, `firstname`, `email`, `phone`, `birthday`, `gender`) VALUES
(1000001234, 'Trn Th Vn', 'Anh', 'vanAnh123@gmail.com', '123456789', '1995-02-22', ''),
(1000001235, 'Trn Vn', 'Hng', 'HungTV@example.com', '0903456790', '1990-01-01', 'Nam'),
(1000001236, 'Nguyn Vn', 'Tng', 'NguyenVT@example.com', '0904567890', '1992-01-01', 'Nam'),
(1000001237, 'Nguyn Th', 'Mai', 'nguyenmai123@example.com', '0905678901', '1985-02-14', 'N'),
(1000001238, 'L Vn S', 'Bnh', 'lebinh456@example.com', '0906789012', '1988-03-21', 'Nam'),
(1000001239, 'Phm Th Thu', 'Hng', 'phamhuong789@example.com', '0907890123', '1990-04-15', 'N'),
(1000001240, 'ng Vn', 'Cng', 'dangcuong101@example.com', '0908901234', '1987-05-30', 'Nam'),
(1000001241, 'Bi Th', 'Linh', 'builinh202@example.com', '0909012345', '1991-06-25', 'N'),
(1000001242, 'Trng Vn', 'Hi', 'truonghai303@example.com', '0910123456', '1986-07-10', 'Nam'),
(1000001243, 'V Th', 'Lan', 'vulan404@example.com', '0911234567', '1989-08-22', 'N'),
(1000001244, 'L Th Qunh', 'Mai', 'lemai505@example.com', '0912345678', '1993-09-18', 'N'),
(1000001245, 'Nguyn Hu', 'Tm', 'nguyentam606@example.com', '0913456789', '1994-10-12', 'Nam'),
(1000001246, 'Hong Th', 'Ngc', 'hoangngoc707@example.com', '0914567890', '1984-11-05', 'N');

-- --------------------------------------------------------

--
-- Table structure for table `users`
--

CREATE TABLE `users` (
  `id` int(11) NOT NULL,
  `username` varchar(50) NOT NULL,
  `password` varchar(255) NOT NULL,
  `role` enum('student','teacher','admin') DEFAULT NULL,
  `created_at` timestamp NOT NULL DEFAULT current_timestamp(),
  `updated_at` timestamp NOT NULL DEFAULT current_timestamp() ON UPDATE current_timestamp()
) ENGINE=InnoDB DEFAULT CHARSET=utf8mb4 COLLATE=utf8mb4_general_ci;

--
-- Dumping data for table `users`
--

INSERT INTO `users` (`id`, `username`, `password`, `role`, `created_at`, `updated_at`) VALUES
(1000001234, 'vanAnh123', 'password123', 'teacher', '2024-09-16 16:41:43', '2024-09-16 16:41:43'),
(1000001235, 'HungTV', 'password456', 'teacher', '2024-09-16 16:41:43', '2024-09-16 16:41:43'),
(1000001236, 'NguyenVT', 'password789', 'teacher', '2024-09-16 16:41:43', '2024-09-16 16:41:43'),
(1000001237, 'nguyenMai123', 'password101', 'teacher', '2024-09-16 16:41:43', '2024-09-16 16:41:43'),
(1000001238, 'leBinh456', 'password202', 'teacher', '2024-09-16 16:41:43', '2024-09-16 16:41:43'),
(1000001239, 'phamHuong789', 'password303', 'teacher', '2024-09-16 16:41:43', '2024-09-16 16:41:43'),
(1000001240, 'dangCuong101', 'password404', 'teacher', '2024-09-16 16:41:43', '2024-09-16 16:41:43'),
(1000001241, 'buiLinh202', 'password505', 'teacher', '2024-09-16 16:41:43', '2024-09-16 16:41:43'),
(1000001242, 'truongHai303', 'password606', 'teacher', '2024-09-16 16:41:43', '2024-09-16 16:41:43'),
(1000001243, 'vulan404', 'password707', 'teacher', '2024-09-16 16:41:43', '2024-09-16 16:41:43'),
(1000001244, 'leMai505', 'password808', 'teacher', '2024-09-16 16:41:43', '2024-09-16 16:41:43'),
(1000001245, 'nguyenTam606', 'password909', 'teacher', '2024-09-16 16:41:43', '2024-09-16 16:41:43'),
(1000001246, 'hoangNgoc707', 'password010', 'teacher', '2024-09-16 16:41:43', '2024-09-16 16:41:43'),
(2001210123, '2001210123', 'password909', 'student', '2024-09-16 16:41:43', '2024-09-16 16:41:43'),
(2001210224, 'thng.nguyn hu', 'password', 'student', '2024-09-16 16:41:43', '2024-09-28 13:44:33'),
(2001211234, '2001211234', 'password010', 'student', '2024-09-16 16:41:43', '2024-09-16 16:41:43'),
(2001211785, 'thankiemsama', '1', 'student', '2024-09-16 16:41:43', '2024-10-01 13:39:48'),
(2001212345, '2001212345', 'password101', 'student', '2024-09-16 16:41:43', '2024-09-16 16:41:43'),
(2001212346, '2001212346', 'password121', 'student', '2024-09-16 16:41:43', '2024-09-16 16:41:43'),
(2001213456, '2001213456', 'password202', 'student', '2024-09-16 16:41:43', '2024-09-16 16:41:43'),
(2001213457, '2001213457', 'password232', 'student', '2024-09-16 16:41:43', '2024-09-16 16:41:43'),
(2001214567, '2001214567', 'password303', 'student', '2024-09-16 16:41:43', '2024-09-16 16:41:43'),
(2001214568, '2001214568', 'password343', 'student', '2024-09-16 16:41:43', '2024-09-16 16:41:43'),
(2001215678, '2001215678', 'password404', 'student', '2024-09-16 16:41:43', '2024-09-16 16:41:43'),
(2001215679, '2001215679', 'password454', 'student', '2024-09-16 16:41:43', '2024-09-16 16:41:43'),
(2001216780, '2001216780', 'password565', 'student', '2024-09-16 16:41:43', '2024-09-16 16:41:43'),
(2001216789, '2001216789', 'password505', 'student', '2024-09-16 16:41:43', '2024-09-16 16:41:43'),
(2001217890, '2001217890', 'password606', 'student', '2024-09-16 16:41:43', '2024-09-16 16:41:43'),
(2001217891, '2001217891', 'password676', 'student', '2024-09-16 16:41:43', '2024-09-16 16:41:43'),
(2001218901, '2001218901', 'password707', 'student', '2024-09-16 16:41:43', '2024-09-16 16:41:43'),
(2001218902, '2001218902', 'password787', 'student', '2024-09-16 16:41:43', '2024-09-16 16:41:43'),
(2001219012, '2001219012', 'password808', 'student', '2024-09-16 16:41:43', '2024-09-16 16:41:43'),
(2001219013, '2001219013', 'password898', 'student', '2024-09-16 16:41:43', '2024-09-16 16:41:43'),
(2001223456, '2001223456', 'password909', 'student', '2024-09-16 16:41:43', '2024-09-16 16:41:43'),
(2001224567, '2001224567', 'password010', 'student', '2024-09-16 16:41:43', '2024-09-16 16:41:43'),
(2001225678, '2001225678', 'password121', 'student', '2024-09-16 16:41:43', '2024-09-16 16:41:43'),
(2001226789, '2001226789', 'password232', 'student', '2024-09-16 16:41:43', '2024-09-16 16:41:43'),
(2001227890, '2001227890', 'password343', 'student', '2024-09-16 16:41:43', '2024-09-16 16:41:43'),
(2001228901, '2001228901', 'password454', 'student', '2024-09-16 16:41:43', '2024-09-16 16:41:43'),
(2001229012, '2001229012', 'password565', 'student', '2024-09-16 16:41:43', '2024-09-16 16:41:43'),
(2001230123, '2001230123', 'password676', 'student', '2024-09-16 16:41:43', '2024-09-16 16:41:43'),
(2001231234, '2001231234', 'password787', 'student', '2024-09-16 16:41:43', '2024-09-16 16:41:43'),
(2001232345, '2001232345', 'password898', 'student', '2024-09-16 16:41:43', '2024-09-16 16:41:43'),
(2001233456, '2001233456', 'password909', 'student', '2024-09-16 16:41:43', '2024-09-16 16:41:43'),
(2001234567, '2001234567', 'password010', 'student', '2024-09-16 16:41:43', '2024-09-16 16:41:43'),
(2001235678, '2001235678', 'password121', 'student', '2024-09-16 16:41:43', '2024-09-16 16:41:43'),
(2001236789, '2001236789', 'password232', 'student', '2024-09-16 16:41:43', '2024-09-16 16:41:43'),
(2001237890, '2001237890', 'password343', 'student', '2024-09-16 16:41:43', '2024-09-16 16:41:43'),
(2001238901, '2001238901', 'password454', 'student', '2024-09-16 16:41:43', '2024-09-16 16:41:43'),
(2001239012, '2001239012', 'password565', 'student', '2024-09-16 16:41:43', '2024-09-16 16:41:43'),
(2001240123, '2001240123', 'password676', 'student', '2024-09-16 16:41:43', '2024-09-16 16:41:43'),
(2001241234, '2001241234', 'password787', 'student', '2024-09-16 16:41:43', '2024-09-16 16:41:43'),
(2001242345, '2001242345', 'password898', 'student', '2024-09-16 16:41:43', '2024-09-16 16:41:43'),
(2001243456, '2001243456', 'password909', 'student', '2024-09-16 16:41:43', '2024-09-16 16:41:43'),
(2001244567, '2001244567', 'password010', 'student', '2024-09-16 16:41:43', '2024-09-16 16:41:43'),
(2001245678, '2001245678', 'password121', 'student', '2024-09-16 16:41:43', '2024-09-16 16:41:43'),
(2001246789, '2001246789', 'password232', 'student', '2024-09-16 16:41:43', '2024-09-16 16:41:43'),
(2001247890, '2001247890', 'password343', 'student', '2024-09-16 16:41:43', '2024-09-16 16:41:43'),
(2001248901, 'hng.nguyn th', 'password454', 'student', '2024-09-16 16:41:43', '2024-09-29 15:45:46'),
(2001249012, '2001249012', 'password565', 'student', '2024-09-16 16:41:43', '2024-09-16 16:41:43'),
(2001250123, '2001250123', 'password676', 'student', '2024-09-16 16:41:43', '2024-09-16 16:41:43'),
(2001251234, '2001251234', 'password787', 'student', '2024-09-16 16:41:43', '2024-09-16 16:41:43'),
(2001252345, '2001252345', 'password898', 'student', '2024-09-16 16:41:43', '2024-09-16 16:41:43'),
(2001253456, '2001253456', 'password909', 'student', '2024-09-16 16:41:43', '2024-09-16 16:41:43'),
(2001254567, '2001254567', 'password010', 'student', '2024-09-16 16:41:43', '2024-09-16 16:41:43'),
(2147483647, 'lun.phng vnh1', '$2y$10$bpe14ZPvpPSX3gLjbI4ST.rW6NGTFTd.2NrPAI2/cTnJp58YPsXqO', 'student', '2024-09-28 15:55:54', '2024-09-28 15:55:54');

--
-- Indexes for dumped tables
--

--
-- Indexes for table `attendances`
--
ALTER TABLE `attendances`
  ADD PRIMARY KEY (`id`),
  ADD UNIQUE KEY `unique_attendance` (`class_id`,`student_id`,`attendance_date`),
  ADD KEY `fk_student_id` (`student_id`);

--
-- Indexes for table `classes`
--
ALTER TABLE `classes`
  ADD PRIMARY KEY (`id`),
  ADD KEY `fk_course_id` (`course_id`),
  ADD KEY `fk_teacher_id` (`teacher_id`),
  ADD KEY `fk_semester_id` (`semester_id`);

--
-- Indexes for table `class_students`
--
ALTER TABLE `class_students`
  ADD PRIMARY KEY (`class_id`,`student_id`),
  ADD KEY `fk_class_student_student_id` (`student_id`);

--
-- Indexes for table `courses`
--
ALTER TABLE `courses`
  ADD PRIMARY KEY (`id`);

--
-- Indexes for table `semesters`
--
ALTER TABLE `semesters`
  ADD PRIMARY KEY (`id`);

--
-- Indexes for table `students`
--
ALTER TABLE `students`
  ADD PRIMARY KEY (`id`);

--
-- Indexes for table `teachers`
--
ALTER TABLE `teachers`
  ADD PRIMARY KEY (`id`);

--
-- Indexes for table `users`
--
ALTER TABLE `users`
  ADD PRIMARY KEY (`id`),
  ADD UNIQUE KEY `username` (`username`);

--
-- AUTO_INCREMENT for dumped tables
--

--
-- AUTO_INCREMENT for table `attendances`
--
ALTER TABLE `attendances`
  MODIFY `id` int(11) NOT NULL AUTO_INCREMENT, AUTO_INCREMENT=1014;

--
-- AUTO_INCREMENT for table `classes`
--
ALTER TABLE `classes`
  MODIFY `id` int(11) NOT NULL AUTO_INCREMENT, AUTO_INCREMENT=35;

--
-- AUTO_INCREMENT for table `courses`
--
ALTER TABLE `courses`
  MODIFY `id` int(11) NOT NULL AUTO_INCREMENT, AUTO_INCREMENT=59;

--
-- AUTO_INCREMENT for table `semesters`
--
ALTER TABLE `semesters`
  MODIFY `id` int(11) NOT NULL AUTO_INCREMENT, AUTO_INCREMENT=10;

--
-- Constraints for dumped tables
--

--
-- Constraints for table `attendances`
--
ALTER TABLE `attendances`
  ADD CONSTRAINT `fk_class_id` FOREIGN KEY (`class_id`) REFERENCES `classes` (`id`),
  ADD CONSTRAINT `fk_student_id` FOREIGN KEY (`student_id`) REFERENCES `students` (`id`);

--
-- Constraints for table `classes`
--
ALTER TABLE `classes`
  ADD CONSTRAINT `fk_course_id` FOREIGN KEY (`course_id`) REFERENCES `courses` (`id`),
  ADD CONSTRAINT `fk_semester_id` FOREIGN KEY (`semester_id`) REFERENCES `semesters` (`id`),
  ADD CONSTRAINT `fk_teacher_id` FOREIGN KEY (`teacher_id`) REFERENCES `teachers` (`id`);

--
-- Constraints for table `class_students`
--
ALTER TABLE `class_students`
  ADD CONSTRAINT `fk_class_student_class_id` FOREIGN KEY (`class_id`) REFERENCES `classes` (`id`),
  ADD CONSTRAINT `fk_class_student_student_id` FOREIGN KEY (`student_id`) REFERENCES `students` (`id`);

--
-- Constraints for table `students`
--
ALTER TABLE `students`
  ADD CONSTRAINT `students_ibfk_1` FOREIGN KEY (`id`) REFERENCES `users` (`id`) ON DELETE CASCADE;

--
-- Constraints for table `teachers`
--
ALTER TABLE `teachers`
  ADD CONSTRAINT `teachers_ibfk_1` FOREIGN KEY (`id`) REFERENCES `users` (`id`) ON DELETE CASCADE;
COMMIT;

/*!40101 SET CHARACTER_SET_CLIENT=@OLD_CHARACTER_SET_CLIENT */;
/*!40101 SET CHARACTER_SET_RESULTS=@OLD_CHARACTER_SET_RESULTS */;
/*!40101 SET COLLATION_CONNECTION=@OLD_COLLATION_CONNECTION */;
